1850,1,-3.556595211
1850,2,0.501161435
1850,3,-1.760143924
1850,4,-0.147618108
1850,5,-0.630174628
1850,6,0.709949719
1850,7,-0.449454366
1850,8,0.351456906
1850,9,-2.167881624
1850,10,-3.042792194
1850,11,-0.031617851
1850,12,0.488387305
1851,1,0.344463187
1851,2,-0.34043522
1851,3,-1.170258231
1851,4,0.319116277
1851,5,-1.60135705
1851,6,0.753626098
1851,7,-1.136293902
1851,8,-0.579442714
1851,9,-3.166514068
1851,10,0.095209727
1851,11,-3.233923667
1851,12,-1.627122449
1852,1,-0.072342369
1852,2,-0.688341442
1852,3,-2.069868501
1852,4,-0.228214021
1852,5,0.364793064
1852,6,-0.268456195
1852,7,0.156775847
1852,8,-0.685636492
1852,9,0.854197027
1852,10,-0.01743589
1852,11,1.545980797
1852,12,1.785235204
1853,1,0.860948513
1853,2,-0.986270896
1853,3,-0.681258879
1853,4,-1.350131469
1853,5,-0.282733958
1853,6,-0.96902565
1853,7,-0.032321827
1853,8,0.771217498
1853,9,-0.624316018
1853,10,-0.268060469
1853,11,0.337172864
1853,12,-2.714485273
1854,1,0.337744424
1854,2,-1.05403908
1854,3,-0.610748841
1854,4,0.446116962
1854,5,0.017891264
1854,6,-0.166126668
1854,7,0.132489273
1854,8,0.031714676
1854,9,-1.131388352
1854,10,-0.998487127
1854,11,-1.060900719
1854,12,-0.843863233
1855,1,-1.033442297
1855,2,-0.721781236
1855,3,-0.029575158
1855,4,-0.092991943
1855,5,-1.903449574
1855,6,0.250080724
1855,7,-0.446795474
1855,8,-0.842120788
1855,9,0.182923612
1855,10,1.516566028
1855,11,0.290292254
1855,12,0.098845365
1856,1,1.187492363
1856,2,-0.057819864
1856,3,0.017686144
1856,4,0.334423599
1856,5,-0.571739702
1856,6,0.135504004
1856,7,1.061776471
1856,8,0.530556088
1856,9,-1.47926818
1856,10,-0.27378622
1856,11,-2.322460598
1856,12,-1.606072144
1857,1,-1.513192718
1857,2,-0.480750305
1857,3,-0.463268486
1857,4,-0.229119839
1857,5,-1.800417658
1857,6,-1.185916122
1857,7,-0.429581682
1857,8,0.457607065
1857,9,-0.103051593
1857,10,-0.004223975
1857,11,0.077455714
1857,12,0.313711772
1858,1,-1.360151244
1858,2,-1.849286128
1858,3,-1.020091864
1858,4,0.52519387
1858,5,-0.369217233
1858,6,0.326942698
1858,7,-0.752562323
1858,8,-0.649995882
1858,9,-0.609531411
1858,10,0.451337697
1858,11,-0.668922177
1858,12,-0.589876343
1859,1,-1.612844277
1859,2,-0.791902795
1859,3,0.314161381
1859,4,0.599274232
1859,5,0.255139148
1859,6,-0.068910324
1859,7,0.771917878
1859,8,1.191408288
1859,9,-0.432271822
1859,10,1.149484492
1859,11,-0.524236721
1859,12,-1.565653589
1860,1,-0.10523406
1860,2,-2.920999663
1860,3,-0.877209704
1860,4,-0.337849322
1860,5,-0.048613119
1860,6,0.604397118
1860,7,-1.050939162
1860,8,-1.044454157
1860,9,-0.01076455
1860,10,-0.507240413
1860,11,-1.816038312
1860,12,-0.620304232
1861,1,-1.467603948
1861,2,0.803124633
1861,3,-0.509097068
1861,4,-0.575256951
1861,5,-1.353533023
1861,6,0.590637471
1861,7,-0.198648679
1861,8,1.356648212
1861,9,-0.031025458
1861,10,0.343546884
1861,11,0.140945542
1861,12,-2.340916995
1862,1,-1.461909619
1862,2,-0.593364921
1862,3,1.459653891
1862,4,1.76260608
1862,5,0.975449991
1862,6,0.401643137
1862,7,0.077633652
1862,8,-0.751161531
1862,9,-1.024646246
1862,10,0.716712833
1862,11,-0.277707008
1862,12,-1.870940298
1863,1,1.107998858
1863,2,0.02064362
1863,3,0.237353048
1863,4,0.934358372
1863,5,1.737439705
1863,6,0.809483145
1863,7,0.2670454
1863,8,1.340346626
1863,9,-0.11141126
1863,10,0.369203312
1863,11,-0.072744725
1863,12,-0.372997946
1864,1,-3.400369844
1864,2,-1.243593129
1864,3,0.150766535
1864,4,-1.425731971
1864,5,-0.272899193
1864,6,-0.452273625
1864,7,-0.359399643
1864,8,-0.947651953
1864,9,-1.221574651
1864,10,-2.35588513
1864,11,-0.758348965
1864,12,-1.082153837
1865,1,0.22633593
1865,2,-3.024674816
1865,3,-3.089670061
1865,4,0.518568706
1865,5,1.830926653
1865,6,0.48535215
1865,7,0.680945367
1865,8,0.488815554
1865,9,0.536781268
1865,10,-0.453154107
1865,11,-0.512468341
1865,12,-1.093634548
1866,1,0.113597314
1866,2,1.59685218
1866,3,0.847536262
1866,4,0.784142419
1866,5,-1.106528718
1866,6,1.095286277
1866,7,0.380726251
1866,8,-1.144568713
1866,9,-0.427141167
1866,10,-1.558916898
1866,11,-1.503039523
1866,12,-0.153485928
1867,1,0.579396212
1867,2,0.649125168
1867,3,1.005241958
1867,4,1.159972387
1867,5,0.732594568
1867,6,0.612893507
1867,7,-0.054235933
1867,8,0.230698972
1867,9,1.101471232
1867,10,-1.631018341
1867,11,-2.782140445
1867,12,-2.83556505
1868,1,-1.716845906
1868,2,-0.705105131
1868,3,-1.113638101
1868,4,-0.58558811
1868,5,2.284019653
1868,6,1.724307335
1868,7,-0.09246246
1868,8,0.284138122
1868,9,-0.033176478
1868,10,0.343372863
1868,11,-2.566322746
1868,12,0.949828645
1869,1,-1.59048609
1869,2,1.072576382
1869,3,-2.278915551
1869,4,0.044118754
1869,5,2.08726864
1869,6,-0.335767791
1869,7,-0.189931653
1869,8,-0.403206019
1869,9,-0.582825376
1869,10,-1.876689671
1869,11,-1.732855572
1869,12,-0.640872518
1870,1,-2.299666369
1870,2,-1.225387158
1870,3,-1.490840285
1870,4,-0.777390664
1870,5,1.169340746
1870,6,0.807463494
1870,7,1.608057114
1870,8,-0.912947115
1870,9,-1.878560768
1870,10,-1.033210751
1870,11,0.012430948
1870,12,-1.796839048
1871,1,-1.093935705
1871,2,-0.950259516
1871,3,-0.495702813
1871,4,0.839073648
1871,5,-0.460302465
1871,6,-1.569835527
1871,7,0.345747966
1871,8,-0.770388816
1871,9,0.523438922
1871,10,-1.248431065
1871,11,-1.498985771
1871,12,-4.243815893
1872,1,-0.50336879
1872,2,0.166376794
1872,3,0.594354218
1872,4,0.509386525
1872,5,0.376818228
1872,6,-0.651033163
1872,7,0.01317692
1872,8,-0.374399545
1872,9,0.443099003
1872,10,0.675026004
1872,11,0.377773646
1872,12,0.813664255
1873,1,1.074215826
1873,2,-0.74926283
1873,3,1.334269291
1873,4,-0.219139964
1873,5,-0.974834213
1873,6,-0.746873812
1873,7,1.361394793
1873,8,1.134656556
1873,9,-0.033098882
1873,10,0.264328678
1873,11,-1.100906344
1873,12,-0.266858689
1874,1,-0.832918893
1874,2,-1.571684121
1874,3,-1.231226512
1874,4,0.738200893
1874,5,-2.030640751
1874,6,0.399524607
1874,7,1.159950491
1874,8,-0.347882663
1874,9,0.440651444
1874,10,0.377643672
1874,11,-1.409305505
1874,12,-0.600979965
1875,1,-0.142303905
1875,2,-2.597466428
1875,3,-2.000268137
1875,4,-1.410498399
1875,5,2.115188924
1875,6,0.885422673
1875,7,-0.462453862
1875,8,0.437591177
1875,9,-0.492152174
1875,10,-0.710511219
1875,11,-1.292500289
1875,12,-2.472713649
1876,1,-1.623442199
1876,2,-0.515917451
1876,3,0.03294008
1876,4,-0.16484521
1876,5,-1.006915592
1876,6,-0.137910627
1876,7,-0.123434684
1876,8,0.320259087
1876,9,-0.709656147
1876,10,0.541907208
1876,11,-1.478129828
1876,12,0.988010786
1877,1,0.657426132
1877,2,0.172129108
1877,3,-1.163568323
1877,4,-0.513975994
1877,5,-0.85595083
1877,6,0.935678557
1877,7,0.376969017
1877,8,1.15483707
1877,9,0.470002616
1877,10,-1.681797114
1877,11,0.074051602
1877,12,-0.844682292
1878,1,-1.598228834
1878,2,-0.557409562
1878,3,-0.909532565
1878,4,0.365203751
1878,5,0.714807481
1878,6,1.208887581
1878,7,-0.278832273
1878,8,1.083574905
1878,9,0.301470963
1878,10,0.843151308
1878,11,-0.212693201
1878,12,-0.728088081
1879,1,-0.052882206
1879,2,0.823925611
1879,3,0.114211556
1879,4,-0.444532357
1879,5,-2.086415255
1879,6,0.41199702
1879,7,-0.767355214
1879,8,0.857783079
1879,9,0.778765752
1879,10,-0.800333877
1879,11,-1.885489422
1879,12,-2.397542531
1880,1,-2.227946438
1880,2,-0.635035747
1880,3,-0.355947944
1880,4,0.518724393
1880,5,-0.699145294
1880,6,-0.22402083
1880,7,1.530757995
1880,8,-0.126554394
1880,9,0.147866809
1880,10,0.248143031
1880,11,0.534703459
1880,12,0.870642437
1881,1,0.244173387
1881,2,0.198098745
1881,3,0.351158661
1881,4,0.937650673
1881,5,-0.536609741
1881,6,-0.429864075
1881,7,0.544740743
1881,8,0.626562854
1881,9,-0.970514436
1881,10,-1.257946994
1881,11,-1.033624585
1881,12,-0.199790237
1882,1,0.146422955
1882,2,-0.281167335
1882,3,1.029164377
1882,4,-0.235212847
1882,5,0.196599661
1882,6,0.231267614
1882,7,-0.265362452
1882,8,-0.788472373
1882,9,-0.615161802
1882,10,0.237771079
1882,11,0.045168726
1882,12,0.18165092
1883,1,-0.016315371
1883,2,-0.043825683
1883,3,-1.622565813
1883,4,-0.829440833
1883,5,-0.887942584
1883,6,-0.455166186
1883,7,-0.302446427
1883,8,-0.646901387
1883,9,-0.792235335
1883,10,-0.815444133
1883,11,-0.432751376
1883,12,-1.151243292
1884,1,-0.48732192
1884,2,0.28956372
1884,3,0.009655254
1884,4,0.069789635
1884,5,0.624006158
1884,6,-2.129313216
1884,7,-0.196151132
1884,8,-0.567757621
1884,9,-0.591193428
1884,10,-1.238512172
1884,11,-1.803474086
1884,12,-0.318140054
1885,1,-0.957466061
1885,2,0.376727324
1885,3,0.289638939
1885,4,-0.357872106
1885,5,-0.553084736
1885,6,-0.220936176
1885,7,0.002529174
1885,8,1.188999974
1885,9,-0.352570872
1885,10,-0.884374856
1885,11,-0.535444743
1885,12,-0.677209948
1886,1,-0.50556268
1886,2,-0.656190985
1886,3,-0.947196098
1886,4,0.089737525
1886,5,-0.23461973
1886,6,-0.921191842
1886,7,-0.560011796
1886,8,-0.915361021
1886,9,0.579212061
1886,10,0.735294591
1886,11,0.195084882
1886,12,0.276095253
1887,1,-0.720641398
1887,2,-1.33813147
1887,3,-0.020602678
1887,4,-0.649613598
1887,5,-0.669661109
1887,6,0.007721618
1887,7,0.846259049
1887,8,0.521987703
1887,9,0.815740961
1887,10,-1.902660253
1887,11,-0.770708949
1887,12,-0.751458188
1888,1,-1.858763755
1888,2,-1.389367091
1888,3,-0.569995194
1888,4,-0.279079655
1888,5,-0.084529567
1888,6,0.677591495
1888,7,-0.512665117
1888,8,-1.340749751
1888,9,0.404052146
1888,10,-1.202814824
1888,11,-1.243971599
1888,12,0.068768953
1889,1,-1.006393995
1889,2,-1.177931391
1889,3,-1.098680467
1889,4,-1.035277677
1889,5,0.013450375
1889,6,0.588909144
1889,7,0.022132321
1889,8,-0.023860776
1889,9,-0.751492962
1889,10,0.025602851
1889,11,-0.50782143
1889,12,-1.325295181
1890,1,0.443998014
1890,2,-1.114827008
1890,3,-0.546898364
1890,4,-0.203469382
1890,5,-0.210065693
1890,6,-0.74921082
1890,7,-0.977178437
1890,8,0.486070335
1890,9,-1.576219661
1890,10,-1.221539055
1890,11,-1.420130417
1890,12,-1.682415673
1891,1,-2.554529742
1891,2,-1.97149998
1891,3,-0.725156239
1891,4,-1.215110336
1891,5,-0.329008241
1891,6,-0.581255992
1891,7,0.218897895
1891,8,-0.341407164
1891,9,0.226815984
1891,10,0.365273988
1891,11,0.179248051
1891,12,0.263146107
1892,1,-0.084511594
1892,2,0.710920034
1892,3,-0.508897726
1892,4,0.115657144
1892,5,-0.368955257
1892,6,0.734133759
1892,7,-0.090196804
1892,8,0.080188991
1892,9,-0.179036638
1892,10,0.314705041
1892,11,-0.125529375
1892,12,-0.818372735
1893,1,-2.828285565
1893,2,-0.632464606
1893,3,-0.386106891
1893,4,0.153113139
1893,5,0.026220384
1893,6,-0.003569465
1893,7,0.227368747
1893,8,-0.508281459
1893,9,0.390473892
1893,10,0.875574597
1893,11,0.171403491
1893,12,0.176401505
1894,1,-1.153486851
1894,2,-0.556273261
1894,3,-0.228892363
1894,4,0.319364443
1894,5,-0.529922026
1894,6,-1.001638111
1894,7,0.499070837
1894,8,-0.767366252
1894,9,-0.142612449
1894,10,0.3632284
1894,11,0.488006201
1894,12,-0.448793741
1895,1,-1.061297943
1895,2,-1.826763145
1895,3,-0.953338115
1895,4,0.251150169
1895,5,-0.76579333
1895,6,-0.329243608
1895,7,0.643849357
1895,8,-0.263435131
1895,9,1.213675711
1895,10,0.373448857
1895,11,0.73606396
1895,12,0.257378476
1896,1,-1.310525784
1896,2,-0.63200074
1896,3,0.251865861
1896,4,-1.442749522
1896,5,-1.298697521
1896,6,-0.46994523
1896,7,0.264822957
1896,8,-1.411855983
1896,9,-0.7150776
1896,10,-0.378165566
1896,11,-0.752147369
1896,12,-0.095855311
1897,1,-0.218285808
1897,2,0.109466764
1897,3,0.560340777
1897,4,0.079835808
1897,5,-0.894252025
1897,6,0.038182588
1897,7,0.7132711
1897,8,-0.173227129
1897,9,0.082953099
1897,10,-1.523221115
1897,11,-0.971381198
1897,12,-0.577565906
1898,1,0.465887612
1898,2,-0.722951671
1898,3,-0.044475164
1898,4,-0.005688109
1898,5,-0.456153244
1898,6,-0.186489191
1898,7,-0.983113267
1898,8,-0.402590307
1898,9,-0.035547305
1898,10,0.491357132
1898,11,1.501346714
1898,12,0.22865567
1899,1,0.762248093
1899,2,0.320350533
1899,3,-0.016424652
1899,4,0.019508968
1899,5,-0.048712156
1899,6,-0.855911727
1899,7,-1.096339449
1899,8,-0.042210135
1899,9,-0.02592095
1899,10,0.563460884
1899,11,0.169626457
1899,12,-0.594948347
1900,1,0.255760389
1900,2,0.851935374
1900,3,-1.234713956
1900,4,-0.963652273
1900,5,-0.699356796
1900,6,-0.099549778
1900,7,-0.466098831
1900,8,-1.091205125
1900,9,0.426079109
1900,10,1.408012439
1900,11,0.838747307
1900,12,0.080755492
1901,1,-1.355179629
1901,2,-2.009985401
1901,3,-0.263139429
1901,4,0.195868292
1901,5,-0.796610099
1901,6,0.594244093
1901,7,-0.116055583
1901,8,-0.44071437
1901,9,-0.360130894
1901,10,-0.518641554
1901,11,-0.92294784
1901,12,0.008783571
1902,1,0.01159414
1902,2,0.542074328
1902,3,-0.24906195
1902,4,0.709289972
1902,5,-2.056894653
1902,6,-1.58696162
1902,7,-0.043329711
1902,8,-0.079629026
1902,9,0.187866562
1902,10,-0.325599969
1902,11,-0.982647576
1902,12,-0.932001257
1903,1,-0.422732571
1903,2,-0.138969118
1903,3,-0.032589218
1903,4,-1.617266112
1903,5,-0.699592768
1903,6,-1.548410516
1903,7,-1.335937029
1903,8,-0.466777678
1903,9,-0.263507719
1903,10,-0.075421042
1903,11,-0.711076157
1903,12,-0.314561754
1904,1,-0.477112226
1904,2,-0.018372501
1904,3,-0.187637302
1904,4,0.015608345
1904,5,0.45700235
1904,6,0.932485048
1904,7,1.376798284
1904,8,0.556052536
1904,9,-1.337817513
1904,10,-1.084420151
1904,11,-1.587508494
1904,12,-0.806107327
1905,1,-1.832798561
1905,2,-1.771346571
1905,3,-0.261658348
1905,4,-0.036966493
1905,5,-0.904278533
1905,6,-0.502905807
1905,7,1.024435412
1905,8,0.320468616
1905,9,0.589871145
1905,10,-2.324719997
1905,11,-0.661338435
1905,12,-0.358544063
1906,1,-0.57629205
1906,2,-1.179644627
1906,3,-0.588228587
1906,4,-0.632375044
1906,5,-0.914557297
1906,6,-0.631669237
1906,7,-0.313669976
1906,8,0.231363333
1906,9,-0.999594337
1906,10,-0.592982076
1906,11,0.109447928
1906,12,-1.034398158
1907,1,-1.491998961
1907,2,-1.819537857
1907,3,-1.767916499
1907,4,-1.513475553
1907,5,-0.292878412
1907,6,-0.4079386
1907,7,-0.846501753
1907,8,0.171506028
1907,9,-0.175499402
1907,10,0.747056726
1907,11,0.154782988
1907,12,0.587966049
1908,1,-0.401170108
1908,2,-0.675993957
1908,3,-0.825760605
1908,4,-1.27395729
1908,5,0.707424894
1908,6,0.364813961
1908,7,-0.297397948
1908,8,-0.684923063
1908,9,-1.052133266
1908,10,-0.287410604
1908,11,-0.796177333
1908,12,-0.602773308
1909,1,-1.053313006
1909,2,-1.769056842
1909,3,-0.819827864
1909,4,-0.043503222
1909,5,-0.325116673
1909,6,-0.869181043
1909,7,-1.569498846
1909,8,-0.816722611
1909,9,-0.796311547
1909,10,0.090357753
1909,11,-0.905999722
1909,12,0.408792832
1910,1,-0.286147652
1910,2,-0.446289371
1910,3,-0.494980326
1910,4,-0.550390772
1910,5,-1.383653319
1910,6,-0.691784939
1910,7,-1.378100834
1910,8,-0.728145755
1910,9,-1.846455641
1910,10,-0.081237696
1910,11,-0.983097636
1910,12,0.406937562
1911,1,-1.056153987
1911,2,-1.291951424
1911,3,-0.434586724
1911,4,-0.841865246
1911,5,-0.889948477
1911,6,-0.350520114
1911,7,0.078878259
1911,8,1.467953246
1911,9,0.744770498
1911,10,0.23058512
1911,11,0.925158202
1911,12,1.114282431
1912,1,0.104369991
1912,2,0.990195885
1912,3,0.959794752
1912,4,-0.772433548
1912,5,-0.163424813
1912,6,-0.437325022
1912,7,-0.164932209
1912,8,-0.992183413
1912,9,-2.81962835
1912,10,-1.241296153
1912,11,-1.961711847
1912,12,-0.449593667
1913,1,0.233204734
1913,2,-0.680477904
1913,3,0.495268288
1913,4,-0.196743014
1913,5,-0.432348775
1913,6,-0.009182831
1913,7,-2.038105086
1913,8,-1.155355722
1913,9,0.310500853
1913,10,0.353928838
1913,11,0.903264715
1913,12,0.05225373
1914,1,-1.411048032
1914,2,-0.103975847
1914,3,0.220405034
1914,4,0.73660978
1914,5,-0.084098243
1914,6,-1.371424744
1914,7,-1.23507912
1914,8,-1.077862839
1914,9,-1.056316928
1914,10,-1.271056243
1914,11,-0.983393377
1914,12,0.355077795
1915,1,-0.269494741
1915,2,-0.605642456
1915,3,-0.677910501
1915,4,-0.629609307
1915,5,0.751528236
1915,6,1.143688453
1915,7,0.214343309
1915,8,-0.261812177
1915,9,-1.391029813
1915,10,-1.546369755
1915,11,-0.888341441
1915,12,0.794470068
1916,1,0.024651166
1916,2,0.129442109
1916,3,0.752664379
1916,4,0.380538887
1916,5,0.398920974
1916,6,0.641807593
1916,7,0.464347605
1916,8,-0.617445313
1916,9,-1.137914357
1916,10,-0.687810563
1916,11,0.129208407
1916,12,1.141252856
1917,1,-0.317018928
1917,2,-1.83794792
1917,3,-0.765516305
1917,4,-0.87348931
1917,5,0.529611282
1917,6,1.82648847
1917,7,-0.130531914
1917,8,1.022156794
1917,9,1.177042943
1917,10,-0.769901393
1917,11,-1.532424753
1917,12,-1.830866758
1918,1,-0.107687421
1918,2,-0.806426423
1918,3,-0.90685395
1918,4,-0.391808803
1918,5,-0.425478585
1918,6,-2.762591622
1918,7,-1.22653919
1918,8,-0.674668041
1918,9,1.316079913
1918,10,-1.469353719
1918,11,-1.081817226
1918,12,0.116343002
1919,1,0.203134228
1919,2,-0.195954275
1919,3,-0.014654853
1919,4,-0.820007977
1919,5,-2.012954381
1919,6,0.361520554
1919,7,-1.286114976
1919,8,-0.219633708
1919,9,0.225761927
1919,10,-1.222206498
1919,11,-0.98626048
1919,12,-0.367160795
1920,1,0.595001453
1920,2,0.126846554
1920,3,0.567015743
1920,4,0.69014491
1920,5,1.326905408
1920,6,0.362145307
1920,7,0.787628686
1920,8,-0.154261679
1920,9,0.193281074
1920,10,-0.382720573
1920,11,-0.544485851
1920,12,0.368080238
1921,1,0.562010277
1921,2,-0.160759781
1921,3,0.23835888
1921,4,-0.684123231
1921,5,0.480125762
1921,6,-1.056600154
1921,7,0.132715724
1921,8,0.391928189
1921,9,0.572245076
1921,10,0.611655697
1921,11,-0.668081092
1921,12,-0.791099061
1922,1,-0.839263718
1922,2,-0.844886842
1922,3,0.701377995
1922,4,0.00189099
1922,5,0.39995031
1922,6,0.756064
1922,7,-0.371168326
1922,8,0.788936091
1922,9,-0.862866612
1922,10,-0.693364489
1922,11,-1.589350175
1922,12,-0.885251656
1923,1,-0.866708075
1923,2,-0.357927018
1923,3,-0.327487086
1923,4,-0.401959059
1923,5,0.312790204
1923,6,-1.863707581
1923,7,-0.042432158
1923,8,1.031591883
1923,9,0.195476424
1923,10,0.603464727
1923,11,1.009275581
1923,12,-0.41616498
1924,1,-0.930648754
1924,2,-0.941476356
1924,3,-0.386225534
1924,4,0.09458553
1924,5,1.52194714
1924,6,0.926781819
1924,7,0.273615787
1924,8,-1.062046696
1924,9,0.854711625
1924,10,0.034378408
1924,11,-0.21036628
1924,12,0.169901194
1925,1,0.229056679
1925,2,0.628872506
1925,3,-0.85643043
1925,4,-0.313861013
1925,5,-0.574617976
1925,6,0.137966875
1925,7,-0.774626028
1925,8,0.024303569
1925,9,-0.660854164
1925,10,-0.305772031
1925,11,0.01560621
1925,12,-0.711593967
1926,1,-0.340563937
1926,2,0.96844814
1926,3,0.094607885
1926,4,0.494326186
1926,5,-0.813209868
1926,6,-1.249794668
1926,7,-1.478443513
1926,8,-1.177785772
1926,9,0.992946969
1926,10,1.256106684
1926,11,2.05866073
1926,12,-0.039634149
1927,1,0.100776858
1927,2,-0.771313315
1927,3,0.37820994
1927,4,0.197562454
1927,5,0.60736079
1927,6,1.160910065
1927,7,0.863138074
1927,8,0.869595633
1927,9,0.229651425
1927,10,-0.497170486
1927,11,1.078311618
1927,12,0.364696376
1928,1,0.296414389
1928,2,-0.001167169
1928,3,-0.169863609
1928,4,0.328327076
1928,5,-0.952828268
1928,6,0.335085797
1928,7,1.959666009
1928,8,2.003510025
1928,9,1.218613739
1928,10,0.334913163
1928,11,0.226742134
1928,12,-0.764172784
1929,1,-1.640274618
1929,2,-2.663986021
1929,3,-0.962487812
1929,4,-0.754499152
1929,5,0.129955606
1929,6,1.143103325
1929,7,0.647978158
1929,8,0.093885219
1929,9,0.661154741
1929,10,-0.442411659
1929,11,-0.118210212
1929,12,0.204882813
1930,1,0.402840998
1930,2,-0.531396286
1930,3,0.494843995
1930,4,0.044441751
1930,5,-0.59814329
1930,6,1.038111928
1930,7,0.396524461
1930,8,-0.327018506
1930,9,0.39506842
1930,10,-0.331835381
1930,11,0.403114314
1930,12,0.284700837
1931,1,0.3421161
1931,2,-0.693220646
1931,3,0.072685814
1931,4,-0.24521502
1931,5,0.260550648
1931,6,2.213543672
1931,7,1.058402963
1931,8,0.266142221
1931,9,-1.454702355
1931,10,-0.676680597
1931,11,0.058436225
1931,12,-0.721223451
1932,1,-0.091498616
1932,2,-1.702347207
1932,3,-0.913094748
1932,4,-0.878848263
1932,5,-0.304421873
1932,6,-1.023229868
1932,7,-0.86429195
1932,8,0.369341418
1932,9,2.014915114
1932,10,1.388262712
1932,11,0.356254389
1932,12,1.361130298
1933,1,0.101106132
1933,2,-0.163453764
1933,3,-0.129518952
1933,4,0.145393843
1933,5,-0.460365316
1933,6,-1.573816887
1933,7,-0.37812376
1933,8,0.138629032
1933,9,0.267664038
1933,10,0.771765828
1933,11,0.024183365
1933,12,-0.854011665
1934,1,-0.583086224
1934,2,-0.729693139
1934,3,-0.073091403
1934,4,0.497682835
1934,5,1.048469407
1934,6,0.80595249
1934,7,0.529102439
1934,8,-0.097016455
1934,9,0.11991411
1934,10,-0.457184181
1934,11,-0.047075842
1934,12,0.886152842
1935,1,-1.499297862
1935,2,-0.585675798
1935,3,-0.910014713
1935,4,-0.343239825
1935,5,-0.938059937
1935,6,0.39605195
1935,7,0.848177326
1935,8,0.31355357
1935,9,0.403742343
1935,10,0.672451008
1935,11,0.431700011
1935,12,-0.065595536
1936,1,1.315340674
1936,2,0.345110978
1936,3,0.596411058
1936,4,0.430021235
1936,5,-0.177691505
1936,6,-0.57661427
1936,7,0.387368721
1936,8,-0.33471447
1936,9,0.029327263
1936,10,-2.019399591
1936,11,-0.585265919
1936,12,-0.113253111
1937,1,0.245567895
1937,2,0.687690483
1937,3,0.639051013
1937,4,-0.000213521
1937,5,0.388042268
1937,6,1.838093711
1937,7,0.10801882
1937,8,0.417268103
1937,9,-0.003208475
1937,10,0.201361857
1937,11,0.376613973
1937,12,-0.39967237
1938,1,-0.539171063
1938,2,-1.05435831
1938,3,0.059696569
1938,4,-1.064754763
1938,5,-1.180684381
1938,6,0.836895134
1938,7,0.038603299
1938,8,0.371009429
1938,9,-0.363673641
1938,10,0.331728379
1938,11,0.595373491
1938,12,0.139618508
1939,1,0.750811293
1939,2,0.334042542
1939,3,-1.037868107
1939,4,0.365653808
1939,5,-1.447386512
1939,6,-0.867027178
1939,7,0.194384644
1939,8,0.30916651
1939,9,-0.477403863
1939,10,-0.113305216
1939,11,0.233113581
1939,12,-0.723052717
1940,1,-1.631309451
1940,2,-0.742491352
1940,3,-0.629054222
1940,4,-0.334008782
1940,5,-0.43129382
1940,6,-1.215806743
1940,7,-1.107454015
1940,8,-1.27274392
1940,9,-0.245546336
1940,10,0.169119824
1940,11,0.705694202
1940,12,-2.201856308
1941,1,-1.022921057
1941,2,0.599848165
1941,3,0.698355195
1941,4,-0.487205396
1941,5,-1.317651802
1941,6,-1.297478093
1941,7,-0.532329959
1941,8,-0.595151141
1941,9,-1.508745851
1941,10,-1.164370221
1941,11,-1.325174782
1941,12,-1.537510382
1942,1,-3.346214947
1942,2,-2.424210921
1942,3,0.424290372
1942,4,0.722536846
1942,5,0.886992925
1942,6,0.498404174
1942,7,-0.329060388
1942,8,-0.458600504
1942,9,1.004622336
1942,10,0.801063674
1942,11,0.076568923
1942,12,0.887447977
1943,1,-0.482964626
1943,2,0.413477336
1943,3,0.772528368
1943,4,0.938137028
1943,5,0.493789747
1943,6,-0.050430697
1943,7,0.474287698
1943,8,1.174040458
1943,9,1.891115418
1943,10,1.330861168
1943,11,0.011270661
1943,12,0.530854573
1944,1,0.304942376
1944,2,-0.887223765
1944,3,-0.974269758
1944,4,0.617873209
1944,5,0.38131557
1944,6,0.026830237
1944,7,-0.201032646
1944,8,1.033264771
1944,9,0.735248019
1944,10,-0.516725937
1944,11,-0.976370886
1944,12,-0.449031773
1945,1,-1.380596621
1945,2,-0.357115874
1945,3,0.212049873
1945,4,0.899383384
1945,5,1.433834164
1945,6,2.423416176
1945,7,1.68182837
1945,8,0.99775198
1945,9,0.449580765
1945,10,-0.514026807
1945,11,-0.075684858
1945,12,-0.039300766
1946,1,-0.186065847
1946,2,0.322175439
1946,3,0.287322845
1946,4,1.132567739
1946,5,0.612796329
1946,6,0.855583203
1946,7,0.636314853
1946,8,1.395559459
1946,9,1.903140338
1946,10,0.300093023
1946,11,0.488076161
1946,12,-1.00674294
1947,1,-1.735355669
1947,2,-0.136889768
1947,3,1.316389751
1947,4,1.04889955
1947,5,0.610430504
1947,6,1.600829192
1947,7,1.185619284
1947,8,1.52530625
1947,9,1.127563961
1947,10,0.2899644
1947,11,0.672294437
1947,12,-0.226751726
1948,1,1.0442276
1948,2,0.063148304
1948,3,0.466747187
1948,4,0.493351064
1948,5,0.674028396
1948,6,-0.001320653
1948,7,-1.863102876
1948,8,-0.170880084
1948,9,-0.119723435
1948,10,0.758885969
1948,11,0.402757965
1948,12,0.395291876
1949,1,0.770794372
1949,2,-0.207291062
1949,3,-0.993058775
1949,4,0.926006163
1949,5,-0.166338459
1949,6,0.114722556
1949,7,0.285442247
1949,8,0.058192155
1949,9,0.971535838
1949,10,0.864010246
1949,11,0.122276565
1949,12,0.559453828
1950,1,-0.063346728
1950,2,0.599074985
1950,3,0.390328568
1950,4,0.113492942
1950,5,1.191486412
1950,6,1.924420347
1950,7,1.716044639
1950,8,1.431029713
1950,9,0.435244113
1950,10,0.260970882
1950,11,0.181462322
1950,12,0.279074617
1951,1,0.548412464
1951,2,0.596438624
1951,3,0.054011135
1951,4,-0.06353424
1951,5,-0.183822809
1951,6,0.50475148
1951,7,0.138996536
1951,8,0.433246474
1951,9,0.861833724
1951,10,-1.117401925
1951,11,0.106174224
1951,12,-0.02808338
1952,1,-0.277305709
1952,2,-0.7513146
1952,3,-0.016657087
1952,4,1.130956754
1952,5,0.644346809
1952,6,1.68103756
1952,7,1.960870103
1952,8,1.817996808
1952,9,0.640753332
1952,10,-0.044703039
1952,11,-0.824785067
1952,12,-0.224120846
1953,1,-1.218596086
1953,2,-0.721181125
1953,3,-0.684230748
1953,4,0.53577599
1953,5,0.326128512
1953,6,-0.421520233
1953,7,0.586880007
1953,8,-0.001270004
1953,9,0.606235241
1953,10,0.823214605
1953,11,0.089181662
1953,12,1.228483308
1954,1,-0.916396032
1954,2,-1.039869046
1954,3,0.343953258
1954,4,-0.488632074
1954,5,-0.953798614
1954,6,0.687213544
1954,7,-1.044475748
1954,8,-1.040566069
1954,9,0.344412261
1954,10,-0.674821775
1954,11,-0.285993868
1954,12,0.477159759
1955,1,1.071360115
1955,2,0.850381168
1955,3,0.040978975
1955,4,-0.321786695
1955,5,0.637077373
1955,6,0.383993503
1955,7,0.53298929
1955,8,-0.23707334
1955,9,-0.313043297
1955,10,-0.784401754
1955,11,-0.142653014
1955,12,0.909879837
1956,1,0.832598245
1956,2,-2.165681709
1956,3,-0.945974344
1956,4,-0.53704525
1956,5,-0.243503838
1956,6,-1.180317831
1956,7,-0.77537828
1956,8,0.220216391
1956,9,0.761981254
1956,10,-0.648752417
1956,11,-1.067955953
1956,12,-0.443670694
1957,1,-0.533770869
1957,2,0.708219743
1957,3,0.514743111
1957,4,0.096643226
1957,5,-0.893878925
1957,6,0.388391434
1957,7,-0.471839701
1957,8,-0.404281326
1957,9,-0.636707436
1957,10,0.004001461
1957,11,0.141989152
1957,12,-0.246644175
1958,1,-0.183779732
1958,2,0.619238559
1958,3,-0.748357165
1958,4,-1.147008296
1958,5,0.604888259
1958,6,0.023680513
1958,7,-0.607425268
1958,8,0.542353414
1958,9,0.555315215
1958,10,0.394329393
1958,11,0.325259725
1958,12,0.970276089
1959,1,0.001492326
1959,2,-0.089054148
1959,3,1.152247453
1959,4,0.237843587
1959,5,-0.003831359
1959,6,-0.08663856
1959,7,0.141962515
1959,8,-0.080048328
1959,9,-0.130987194
1959,10,-0.901308666
1959,11,-0.683055231
1959,12,0.365588173
1960,1,-0.138920156
1960,2,0.305276443
1960,3,0.253664874
1960,4,0.028289811
1960,5,0.071892738
1960,6,1.034225045
1960,7,-0.502459338
1960,8,-0.010027189
1960,9,-0.691982671
1960,10,0.028327643
1960,11,0.580073756
1960,12,0.329513678
1961,1,-0.077454068
1961,2,0.402054043
1961,3,0.520704092
1961,4,1.519133559
1961,5,0.275700443
1961,6,0.34492754
1961,7,0.096536802
1961,8,-0.37442486
1961,9,0.964121614
1961,10,0.621849058
1961,11,0.485237785
1961,12,0.403886472
1962,1,0.906648127
1962,2,-0.403528717
1962,3,-0.62617333
1962,4,0.02145335
1962,5,-0.00228934
1962,6,-0.617948022
1962,7,-0.141488205
1962,8,0.940612507
1962,9,0.95229486
1962,10,0.641686604
1962,11,-0.201935673
1962,12,-0.807569766
1963,1,-0.907248195
1963,2,-1.112489094
1963,3,-0.597594897
1963,4,0.165970969
1963,5,-0.314380975
1963,6,0.20903376
1963,7,1.049078099
1963,8,0.52597825
1963,9,0.18941298
1963,10,-0.35297357
1963,11,1.345513208
1963,12,0.576292944
1964,1,-0.184689559
1964,2,0.147265807
1964,3,0.399049994
1964,4,0.250197713
1964,5,0.727989349
1964,6,1.145488831
1964,7,0.272762071
1964,8,-0.195781102
1964,9,-0.105366287
1964,10,-0.615197683
1964,11,0.042064165
1964,12,0.095332443
1965,1,0.115176596
1965,2,-1.456422704
1965,3,-0.274389432
1965,4,-0.745133389
1965,5,-0.540335427
1965,6,-0.198748444
1965,7,0.424581201
1965,8,-0.583543753
1965,9,-0.754016793
1965,10,0.29055848
1965,11,0.647523038
1965,12,0.481430458
1966,1,-0.318037973
1966,2,1.206193915
1966,3,-0.318812767
1966,4,0.58749095
1966,5,0.188271693
1966,6,0.592139024
1966,7,-0.597176815
1966,8,-0.345191802
1966,9,0.28982144
1966,10,1.271087251
1966,11,-0.62833149
1966,12,-0.520675153
1967,1,-0.568342505
1967,2,-0.046652448
1967,3,0.361723166
1967,4,-0.271018608
1967,5,-0.030091431
1967,6,-1.081178731
1967,7,0.361809838
1967,8,0.776684904
1967,9,-0.049253931
1967,10,1.080946463
1967,11,1.314858506
1967,12,0.106175044
1968,1,-0.70803582
1968,2,0.317154631
1968,3,0.078621635
1968,4,1.017092654
1968,5,0.851205497
1968,6,-0.015679109
1968,7,0.154001532
1968,8,-1.163040092
1968,9,-0.549225156
1968,10,0.106852572
1968,11,0.418248999
1968,12,0.026160636
1969,1,-0.063071437
1969,2,-0.292910546
1969,3,0.025937817
1969,4,-0.144517243
1969,5,0.797429146
1969,6,-0.823820638
1969,7,-1.031293654
1969,8,-0.388812491
1969,9,-0.350355447
1969,10,0.105942307
1969,11,0.936753828
1969,12,-0.915364197
1970,1,0.399077386
1970,2,-0.070433381
1970,3,-0.431874912
1970,4,-0.371626556
1970,5,-1.030847591
1970,6,0.259975567
1970,7,-0.731147409
1970,8,0.067844342
1970,9,0.433875645
1970,10,-0.596379681
1970,11,0.280420681
1970,12,0.260792002
1971,1,0.304738914
1971,2,0.020109911
1971,3,-1.038425876
1971,4,0.281180618
1971,5,0.536708338
1971,6,-0.336999588
1971,7,-0.057989404
1971,8,1.305071706
1971,9,-0.655341683
1971,10,-0.857204166
1971,11,-0.858835425
1971,12,-0.338971821
1972,1,0.115679736
1972,2,0.544038951
1972,3,0.748352572
1972,4,0.25434966
1972,5,-0.529048999
1972,6,0.022088897
1972,7,-0.715391638
1972,8,-1.153440992
1972,9,-1.857067183
1972,10,-1.864964171
1972,11,-0.199924921
1972,12,0.041346691
1973,1,0.243000255
1973,2,-0.349098495
1973,3,-0.742928151
1973,4,-1.086948293
1973,5,0.314730249
1973,6,0.403187453
1973,7,0.38398283
1973,8,0.399922063
1973,9,0.636613882
1973,10,-0.246953792
1973,11,-0.713545521
1973,12,-0.450063037
1974,1,0.509027318
1974,2,0.480568185
1974,3,0.473741037
1974,4,-0.317797648
1974,5,-0.550159041
1974,6,-0.371277354
1974,7,-0.551321311
1974,8,-0.089995803
1974,9,-0.057068542
1974,10,-2.383809947
1974,11,-1.381647411
1974,12,-0.305073936
1975,1,0.253722125
1975,2,-0.149215741
1975,3,0.037300136
1975,4,-0.032059049
1975,5,0.029885187
1975,6,-0.905193407
1975,7,-0.391188769
1975,8,-0.325591656
1975,9,0.552063468
1975,10,-0.368267263
1975,11,-0.554276896
1975,12,0.162097572
1976,1,0.044898363
1976,2,-0.088099587
1976,3,-0.596415256
1976,4,-0.334861302
1976,5,-0.098360237
1976,6,0.000255015
1976,7,0.309430466
1976,8,-1.33846704
1976,9,-1.443319096
1976,10,-0.312136163
1976,11,-0.823865853
1976,12,-0.170220997
1977,1,0.559659688
1977,2,1.003303414
1977,3,1.130144119
1977,4,0.130993705
1977,5,0.174839348
1977,6,-0.302064934
1977,7,-0.21497347
1977,8,-0.857798567
1977,9,-1.013238756
1977,10,-0.110935173
1977,11,0.406718482
1977,12,-0.049412887
1978,1,0.032809115
1978,2,0.147052709
1978,3,0.196471828
1978,4,-0.663528226
1978,5,-0.920328282
1978,6,-0.275346741
1978,7,-1.247406046
1978,8,-0.683744114
1978,9,-0.916874967
1978,10,-0.970033667
1978,11,-0.935588934
1978,12,0.4638023
1979,1,-0.123286515
1979,2,0.532564377
1979,3,0.715468978
1979,4,-0.523639337
1979,5,0.037651809
1979,6,1.301698715
1979,7,-0.090412804
1979,8,-0.447828072
1979,9,-0.651849122
1979,10,0.012136615
1979,11,-0.806194591
1979,12,0.351120919
1980,1,-0.382997118
1980,2,0.203013572
1980,3,-0.080686319
1980,4,-1.087473957
1980,5,-1.656598058
1980,6,-1.14958558
1980,7,-1.581080133
1980,8,-0.149452874
1980,9,0.205609139
1980,10,-0.213151828
1980,11,-0.147242233
1980,12,-1.091501261
1981,1,-1.342602024
1981,2,-0.900343049
1981,3,0.566246013
1981,4,0.594247852
1981,5,-0.089317121
1981,6,0.604719725
1981,7,-0.945476085
1981,8,-0.37532317
1981,9,0.144541615
1981,10,0.561211368
1981,11,-0.864898624
1981,12,0.048208042
1982,1,0.443144188
1982,2,-0.34590179
1982,3,-0.336892334
1982,4,-0.195361799
1982,5,0.109752924
1982,6,1.432763275
1982,7,1.37526141
1982,8,0.366912032
1982,9,1.046856143
1982,10,0.304710884
1982,11,0.310495043
1982,12,0.39469355
1983,1,0.430429973
1983,2,-0.675495384
1983,3,0.207886807
1983,4,0.431906087
1983,5,0.604788608
1983,6,0.039624169
1983,7,1.087347327
1983,8,0.307489024
1983,9,0.1667422
1983,10,-0.127927708
1983,11,-0.125765023
1983,12,-0.204032173
1984,1,0.037570549
1984,2,-0.472345893
1984,3,-0.609199592
1984,4,-0.491895948
1984,5,-0.961336426
1984,6,-1.042729325
1984,7,-0.33851492
1984,8,-0.74903456
1984,9,-0.801936469
1984,10,-0.34875499
1984,11,0.731247075
1984,12,0.507168786
1985,1,-0.934562861
1985,2,-0.154817412
1985,3,-0.286692369
1985,4,0.293948938
1985,5,0.038485506
1985,6,0.262130901
1985,7,0.659618202
1985,8,0.22759056
1985,9,0.420670368
1985,10,0.410732461
1985,11,0.171248065
1985,12,0.874560343
1986,1,0.221447595
1986,2,-0.711398586
1986,3,0.05993841
1986,4,0.167317867
1986,5,1.580319866
1986,6,0.043105171
1986,7,-0.121072409
1986,8,1.024526513
1986,9,0.394114999
1986,10,0.722026883
1986,11,0.159654106
1986,12,-0.040448748
1987,1,-0.494545323
1987,2,-0.106678519
1987,3,-1.418222405
1987,4,0.050248318
1987,5,-0.991312814
1987,6,-0.318988451
1987,7,1.022713723
1987,8,0.681535089
1987,9,2.165681592
1987,10,1.377124565
1987,11,0.611505157
1987,12,0.855270454
1988,1,1.415656028
1988,2,0.460218286
1988,3,0.079184937
1988,4,0.438485667
1988,5,0.883717329
1988,6,0.264052926
1988,7,1.406542414
1988,8,1.206434167
1988,9,-0.087842227
1988,10,0.932663857
1988,11,-0.558412153
1988,12,-0.363625333
1989,1,0.012161853
1989,2,0.54857253
1989,3,1.185207345
1989,4,0.575742516
1989,5,0.007920501
1989,6,-0.355556944
1989,7,0.442194889
1989,8,0.586005853
1989,9,-0.043823645
1989,10,-0.725908134
1989,11,-0.092566575
1989,12,0.970486817
1990,1,0.665864377
1990,2,1.779697489
1990,3,1.493712599
1990,4,0.317549811
1990,5,1.054685029
1990,6,0.553808586
1990,7,0.280194485
1990,8,0.42145649
1990,9,0.298263616
1990,10,1.338475289
1990,11,0.638237265
1990,12,-0.594840294
1991,1,0.191724343
1991,2,-0.480222344
1991,3,1.280683323
1991,4,-0.374965611
1991,5,-1.624399758
1991,6,-0.567202091
1991,7,0.08222031
1991,8,0.653431558
1991,9,1.213374757
1991,10,0.068115937
1991,11,-0.19505291
1991,12,-0.996613969
1992,1,-0.147345753
1992,2,-0.089567851
1992,3,0.097172779
1992,4,0.008500392
1992,5,0.473793848
1992,6,-0.376641214
1992,7,-0.415307761
1992,8,1.745771089
1992,9,0.638119947
1992,10,0.398534579
1992,11,0.864989584
1992,12,0.420502214
1993,1,0.185356132
1993,2,-0.453721409
1993,3,-0.493875569
1993,4,0.130289881
1993,5,1.181047248
1993,6,1.297897182
1993,7,-0.211546593
1993,8,0.953380622
1993,9,0.172564173
1993,10,0.373448976
1993,11,-0.261248458
1993,12,0.600941671
1994,1,0.605564119
1994,2,0.108617552
1994,3,1.309040249
1994,4,-0.024802404
1994,5,0.901121411
1994,6,0.465876788
1994,7,1.502077548
1994,8,2.409926758
1994,9,1.157868312
1994,10,0.432172116
1994,11,1.208426153
1994,12,0.977076867
1995,1,0.03480396
1995,2,1.105967558
1995,3,0.020655477
1995,4,-0.240228089
1995,5,-0.03341087
1995,6,-0.066671522
1995,7,1.067893415
1995,8,0.698304357
1995,9,-0.820723963
1995,10,0.392995841
1995,11,-0.268070784
1995,12,0.789625306
1996,1,1.102803375
1996,2,-0.148953782
1996,3,-0.240381496
1996,4,0.296853943
1996,5,0.71472338
1996,6,0.720261884
1996,7,-0.296574982
1996,8,0.467417504
1996,9,-1.565317063
1996,10,-1.175616912
1996,11,0.1913005
1996,12,0.158845092
1997,1,0.857235527
1997,2,1.014976232
1997,3,0.920824191
1997,4,-0.44910742
1997,5,0.966896213
1997,6,1.425259981
1997,7,-0.025330261
1997,8,0.421661846
1997,9,0.798236911
1997,10,0.354953233
1997,11,0.323599058
1997,12,0.560844377
1998,1,0.942693677
1998,2,1.091049649
1998,3,0.179323913
1998,4,0.623659452
1998,5,0.495471493
1998,6,1.364953305
1998,7,0.984843084
1998,8,1.226503095
1998,9,-0.274528512
1998,10,-0.20486976
1998,11,-0.611048308
1998,12,-0.780941831
1999,1,0.3785818
1999,2,-0.564860957
1999,3,0.402604272
1999,4,0.325312378
1999,5,1.432693006
1999,6,1.469935195
1999,7,0.549035246
1999,8,1.418631558
1999,9,1.44033283
1999,10,1.192189745
1999,11,0.348613237
1999,12,0.332761245
2000,1,-0.380263594
2000,2,0.383009716
2000,3,0.494626074
2000,4,0.947183219
2000,5,2.181677307
2000,6,1.92596866
2000,7,0.497501885
2000,8,0.931577328
2000,9,0.427437836
2000,10,0.405375941
2000,11,1.245173665
2000,12,1.665609022
2001,1,1.395106101
2001,2,0.811137112
2001,3,2.039333361
2001,4,0.52572266
2001,5,1.255011735
2001,6,0.796192419
2001,7,0.654413523
2001,8,1.392141146
2001,9,-0.326899981
2001,10,1.975383069
2001,11,0.556724011
2001,12,-0.658224677
2002,1,-0.223461526
2002,2,1.036713592
2002,3,1.570266455
2002,4,0.745208069
2002,5,0.948797071
2002,6,1.740551242
2002,7,0.737572135
2002,8,0.103482866
2002,9,-0.173589446
2002,10,0.294908622
2002,11,1.19508447
2002,12,0.868709264
2003,1,0.660039039
2003,2,-0.9652073
2003,3,0.299150184
2003,4,0.361806202
2003,5,2.036484992
2003,6,3.526121776
2003,7,2.796890257
2003,8,3.177887522
2003,9,0.624991832
2003,10,0.312741137
2003,11,0.904274192
2003,12,0.5408023
2004,1,0.15133297
2004,2,0.194598916
2004,3,0.179652945
2004,4,0.351790196
2004,5,-0.38994291
2004,6,0.651637914
2004,7,0.809053823
2004,8,0.919580713
2004,9,0.692768069
2004,10,1.602260377
2004,11,0.956532335
2004,12,1.244711513
2005,1,-0.103109372
2005,2,-0.989611345
2005,3,-0.165469613
2005,4,0.133268681
2005,5,1.31515046
2005,6,1.421290984
2005,7,1.232416966
2005,8,-0.028194599
2005,9,0.465839515
2005,10,0.632741155
2005,11,0.856480506
2005,12,-0.069749247
2006,1,-0.336542646
2006,2,-0.214959247
2006,3,0.064706803
2006,4,1.181359532
2006,5,1.454243451
2006,6,1.159105274
2006,7,2.375887247
2006,8,0.329808929
2006,9,0.559428214
2006,10,1.319349713
2006,11,0.985941201
2006,12,1.352151573
2007,1,1.78914067
2007,2,1.50341651
2007,3,1.149618
2007,4,1.774554437
2007,5,1.912135605
2007,6,1.495116324
2007,7,1.062402601
2007,8,0.727412837
2007,9,-0.184641178
2007,10,-0.015950945
2007,11,-0.472309468
2007,12,-0.220718843
2008,1,0.798508913
2008,2,0.587867843
2008,3,0.695388078
2008,4,0.778375945
2008,5,1.173448549
2008,6,1.247761025
2008,7,1.374267149
2008,8,1.218155548
2008,9,0.423291479
2008,10,0.357949623
2008,11,0.59119736
2008,12,0.318467834
2009,1,0.355243885
2009,2,-0.218166616
2009,3,0.128132675
2009,4,0.640605377
2009,5,1.838510283
2009,6,1.385885488
2009,7,1.448340844
2009,8,1.852552172
2009,9,1.082580951
2009,10,0.102427357
2009,11,0.476723421
2009,12,0.656041488
2010,1,0.145488954
2010,2,0.277203582
2010,3,0.392707553
2010,4,1.039047106
2010,5,0.772579884
2010,6,0.658513105
2010,7,1.552198594
2010,8,0.563473581
2010,9,-0.108760464
2010,10,-0.173919605
2010,11,0.582950303
2010,12,0.222629337
2011,1,0.453466794
2011,2,0.293473069
2011,3,0.447681719
2011,4,1.498829523
2011,5,1.118469691
2011,6,1.342173424
2011,7,0.931843312
2011,8,1.32109209
2011,9,2.078105579
2011,10,0.557574779
2011,11,1.097030099
2011,12,1.388470243
2012,1,0.533787495
2012,2,-1.015942391
2012,3,1.203271675
2012,4,0.922667332
2012,5,0.920368195
2012,6,2.434744805
2012,7,2.394145245
2012,8,2.555355178
2012,9,1.099135995
2012,10,1.712367538
2012,11,1.796920226
2012,12,0.396908151
2013,1,0.579536783
2013,2,-0.179149863
2013,3,0.352708889
2013,4,1.228993888
2013,5,0.8284875
2013,6,0.287647485
2013,7,1.256886219
2013,8,1.551105907
2013,9,0.875117676
2013,10,1.797277684
2013,11,1.101846341
2013,12,0.769663749
2014,1,1.615952482
2014,2,1.532102637
2014,3,0.880497013
2014,4,1.196164672
2014,5,0.557615352
2014,6,1.267199688
2014,7,0.317934672
2014,8,0.722220858
2014,9,1.196010376
2014,10,2.01819406
2014,11,2.263390424
2014,12,1.599171393
2015,1,1.054552752
2015,2,0.109622101
2015,3,0.594871668
2015,4,1.024970422
2015,5,1.843382735
2015,6,1.882221037
2015,7,2.940821262
2015,8,2.141092069
2015,9,1.507433129
2015,10,0.910871061
2015,11,1.457286838
2015,12,1.474601312
2016,1,1.647600947
2016,2,1.950081686
2016,3,0.94713621
2016,4,1.933026589
2016,5,0.675733302
2016,6,1.288933122
2016,7,1.340710379
2016,8,0.715616775
2016,9,1.127100361
2016,10,1.183407335
2016,11,1.256758033
2016,12,1.359026845
2017,1,-0.221643576
2017,2,1.120137133
2017,3,1.691847363
2017,4,1.424575111
2017,5,1.668065031
2017,6,3.04175134
2017,7,2.000994546
2017,8,2.177758815
2017,9,0.173669007
2017,10,0.550347436
2017,11,0.187054285
2017,12,-0.036074612
2018,1,1.229550513
2018,2,0.003323567
2018,3,0.552694666
2018,4,2.092241459
2018,5,1.835810507
2018,6,2.002413288
2018,7,1.941079149
2018,8,2.138167597
2018,9,2.029122565
2018,10,1.342831813
2018,11,1.410671893
2018,12,0.764883205
2019,1,-0.088819242
2019,2,0.687666071
2019,3,1.351558065
2019,4,0.948621803
2019,5,-0.588434097
2019,6,2.077305457
2019,7,2.322228493
2019,8,2.178377443
2019,9,1.610370049
2019,10,1.749244245
2019,11,1.363477247
2019,12,1.605909838
2020,1,1.125140616
2020,2,1.637574585
2020,3,1.016023546
2020,4,1.373532744
2020,5,1.705154213
2020,6,1.115789654
2020,7,1.460858828
2020,8,2.203848239
2020,9,1.702668355
2020,10,0.283612743
2020,11,1.283894518
2020,12,1.211536987
2021,1,0.984464349
2021,2,1.578987864
2021,3,0.782303818
2021,4,0.633120546
2021,5,1.234382813
2021,6,2.773382454
2021,7,2.047638323
2021,8,2.028692071
2021,9,1.788903531
2021,10,0.561049793
2021,11,1.198089985
2021,12,0.427257591
