Year;Month;Julian_day;Mean
1850;1;15.5;-3.55659521076366
1850;2;45;0.501161435382312
1850;3;74.5;-1.76014392402669
1850;4;105;-0.147618108371636
1850;5;135.5;-0.630174627917427
1850;6;166;0.709949719004729
1850;7;196.5;-0.449454365692113
1850;8;227.5;0.351456905922084
1850;9;258;-2.16788162352921
1850;10;288.5;-3.04279219360529
1850;11;319;-0.0316178507302737
1850;12;349.5;0.488387305289401
1851;1;380.5;0.34446318679019
1851;2;410;-0.340435219949381
1851;3;439.5;-1.17025823113624
1851;4;470;0.319116276682147
1851;5;500.5;-1.60135705026184
1851;6;531;0.753626098490789
1851;7;561.5;-1.13629390153156
1851;8;592.5;-0.579442714320508
1851;9;623;-3.16651406753733
1851;10;653.5;0.0952097265828542
1851;11;684;-3.23392366696845
1851;12;714.5;-1.62712244856143
1852;1;745.5;-0.0723423686950261
1852;2;775.5;-0.688341441699618
1852;3;805.5;-2.06986850129541
1852;4;836;-0.228214020779028
1852;5;866.5;0.364793064149486
1852;6;897;-0.268456194711587
1852;7;927.5;0.156775847484917
1852;8;958.5;-0.685636492360034
1852;9;989;0.854197026878917
1852;10;1019.5;-0.0174358899858609
1852;11;1050;1.54598079738829
1852;12;1080.5;1.78523520422848
1853;1;1111.5;0.860948512826508
1853;2;1141;-0.986270895673865
1853;3;1170.5;-0.681258878583756
1853;4;1201;-1.35013146944445
1853;5;1231.5;-0.282733957728853
1853;6;1262;-0.969025650416911
1853;7;1292.5;-0.0323218267351197
1853;8;1323.5;0.771217497560038
1853;9;1354;-0.624316018029982
1853;10;1384.5;-0.268060468586496
1853;11;1415;0.337172863805571
1853;12;1445.5;-2.71448527295612
1854;1;1476.5;0.337744423944695
1854;2;1506;-1.05403907973314
1854;3;1535.5;-0.610748841198162
1854;4;1566;0.446116962456324
1854;5;1596.5;0.0178912639654801
1854;6;1627;-0.166126668306886
1854;7;1657.5;0.132489272531122
1854;8;1688.5;0.0317146755100563
1854;9;1719;-1.13138835182875
1854;10;1749.5;-0.998487126987188
1854;11;1780;-1.06090071916917
1854;12;1810.5;-0.843863232933233
1855;1;1841.5;-1.03344229722409
1855;2;1871;-0.721781235904394
1855;3;1900.5;-0.029575157598088
1855;4;1931;-0.0929919428970402
1855;5;1961.5;-1.90344957401594
1855;6;1992;0.250080724226659
1855;7;2022.5;-0.446795473510941
1855;8;2053.5;-0.842120788306871
1855;9;2084;0.182923612215404
1855;10;2114.5;1.51656602754011
1855;11;2145;0.290292253793179
1855;12;2175.5;0.0988453652963992
1856;1;2206.5;1.18749236282522
1856;2;2236.5;-0.0578198638056079
1856;3;2266.5;0.0176861436120737
1856;4;2297;0.33442359944161
1856;5;2327.5;-0.571739701508998
1856;6;2358;0.135504004449422
1856;7;2388.5;1.0617764713957
1856;8;2419.5;0.530556088396529
1856;9;2450;-1.47926817974067
1856;10;2480.5;-0.273786219643458
1856;11;2511;-2.322460598486
1856;12;2541.5;-1.60607214424717
1857;1;2572.5;-1.51319271776533
1857;2;2602;-0.48075030523767
1857;3;2631.5;-0.463268486488734
1857;4;2662;-0.229119838823514
1857;5;2692.5;-1.80041765756536
1857;6;2723;-1.18591612169828
1857;7;2753.5;-0.429581682166406
1857;8;2784.5;0.457607064771092
1857;9;2815;-0.103051593054397
1857;10;2845.5;-0.00422397491234035
1857;11;2876;0.0774557140399623
1857;12;2906.5;0.313711772109709
1858;1;2937.5;-1.36015124394131
1858;2;2967;-1.84928612754886
1858;3;2996.5;-1.02009186384671
1858;4;3027;0.525193869574735
1858;5;3057.5;-0.369217233490542
1858;6;3088;0.326942697573656
1858;7;3118.5;-0.752562323089713
1858;8;3149.5;-0.649995882364387
1858;9;3180;-0.609531410840422
1858;10;3210.5;0.451337696701775
1858;11;3241;-0.668922176810414
1858;12;3271.5;-0.589876342968335
1859;1;3302.5;-1.61284427694352
1859;2;3332;-0.791902794593303
1859;3;3361.5;0.31416138127409
1859;4;3392;0.599274232158968
1859;5;3422.5;0.255139147883171
1859;6;3453;-0.0689103238273504
1859;7;3483.5;0.771917877732023
1859;8;3514.5;1.19140828840598
1859;9;3545;-0.432271822448997
1859;10;3575.5;1.14948449177335
1859;11;3606;-0.524236721220303
1859;12;3636.5;-1.56565358903275
1860;1;3667.5;-0.105234060099835
1860;2;3697.5;-2.92099966250547
1860;3;3727.5;-0.87720970352049
1860;4;3758;-0.337849322003664
1860;5;3788.5;-0.0486131186329113
1860;6;3819;0.604397117894914
1860;7;3849.5;-1.05093916248305
1860;8;3880.5;-1.04445415731754
1860;9;3911;-0.0107645495246809
1860;10;3941.5;-0.507240412857446
1860;11;3972;-1.8160383124984
1860;12;4002.5;-0.620304231644719
1861;1;4033.5;-1.4676039478662
1861;2;4063;0.803124632619813
1861;3;4092.5;-0.509097068017847
1861;4;4123;-0.575256951435257
1861;5;4153.5;-1.35353302260776
1861;6;4184;0.590637470925247
1861;7;4214.5;-0.198648679449653
1861;8;4245.5;1.35664821155927
1861;9;4276;-0.0310254581281918
1861;10;4306.5;0.343546883578535
1861;11;4337;0.140945542436874
1861;12;4367.5;-2.34091699507067
1862;1;4398.5;-1.46190961856412
1862;2;4428;-0.593364921456951
1862;3;4457.5;1.45965389076964
1862;4;4488;1.762606079798
1862;5;4518.5;0.975449990560482
1862;6;4549;0.401643137442538
1862;7;4579.5;0.0776336516202152
1862;8;4610.5;-0.751161531246819
1862;9;4641;-1.02464624618328
1862;10;4671.5;0.716712833044572
1862;11;4702;-0.277707008357023
1862;12;4732.5;-1.87094029799324
1863;1;4763.5;1.10799885803642
1863;2;4793;0.0206436197169263
1863;3;4822.5;0.237353048225911
1863;4;4853;0.9343583716619
1863;5;4883.5;1.73743970472613
1863;6;4914;0.809483145345644
1863;7;4944.5;0.267045400438767
1863;8;4975.5;1.34034662618672
1863;9;5006;-0.111411259646475
1863;10;5036.5;0.369203312172355
1863;11;5067;-0.07274472511753
1863;12;5097.5;-0.3729979460569
1864;1;5128.5;-3.40036984356939
1864;2;5158.5;-1.24359312871384
1864;3;5188.5;0.150766534691136
1864;4;5219;-1.42573197058085
1864;5;5249.5;-0.272899193225476
1864;6;5280;-0.452273624916385
1864;7;5310.5;-0.359399642586018
1864;8;5341.5;-0.947651953106581
1864;9;5372;-1.22157465118623
1864;10;5402.5;-2.35588513037793
1864;11;5433;-0.758348965226224
1864;12;5463.5;-1.08215383742971
1865;1;5494.5;0.226335930280859
1865;2;5524;-3.02467481606677
1865;3;5553.5;-3.08967006102611
1865;4;5584;0.518568706316494
1865;5;5614.5;1.83092665315673
1865;6;5645;0.485352149957232
1865;7;5675.5;0.680945366962797
1865;8;5706.5;0.488815554187506
1865;9;5737;0.536781267908501
1865;10;5767.5;-0.453154106579117
1865;11;5798;-0.512468340523859
1865;12;5828.5;-1.09363454759808
1866;1;5859.5;0.113597313707053
1866;2;5889;1.59685218043601
1866;3;5918.5;0.847536262457205
1866;4;5949;0.784142418802207
1866;5;5979.5;-1.10652871794131
1866;6;6010;1.09528627697876
1866;7;6040.5;0.380726250732053
1866;8;6071.5;-1.14456871324713
1866;9;6102;-0.427141167007369
1866;10;6132.5;-1.55891689847388
1866;11;6163;-1.50303952305558
1866;12;6193.5;-0.153485928405771
1867;1;6224.5;0.579396211775645
1867;2;6254;0.649125167705111
1867;3;6283.5;1.00524195825747
1867;4;6314;1.15997238681186
1867;5;6344.5;0.732594567934688
1867;6;6375;0.612893506823778
1867;7;6405.5;-0.0542359334950806
1867;8;6436.5;0.230698971757596
1867;9;6467;1.10147123184197
1867;10;6497.5;-1.63101834079763
1867;11;6528;-2.78214044530751
1867;12;6558.5;-2.8355650504663
1868;1;6589.5;-1.71684590601301
1868;2;6619.5;-0.705105131246554
1868;3;6649.5;-1.11363810095941
1868;4;6680;-0.585588110146493
1868;5;6710.5;2.2840196533061
1868;6;6741;1.72430733535533
1868;7;6771.5;-0.0924624595039105
1868;8;6802.5;0.284138121533789
1868;9;6833;-0.0331764780760157
1868;10;6863.5;0.34337286286153
1868;11;6894;-2.56632274579422
1868;12;6924.5;0.949828644997027
1869;1;6955.5;-1.59048608980683
1869;2;6985;1.07257638153104
1869;3;7014.5;-2.27891555108232
1869;4;7045;0.0441187535965263
1869;5;7075.5;2.08726864040138
1869;6;7106;-0.335767791056992
1869;7;7136.5;-0.189931653256591
1869;8;7167.5;-0.403206018814903
1869;9;7198;-0.582825375700694
1869;10;7228.5;-1.87668967095239
1869;11;7259;-1.73285557236983
1869;12;7289.5;-0.64087251753643
1870;1;7320.5;-2.29966636897328
1870;2;7350;-1.22538715789526
1870;3;7379.5;-1.49084028508098
1870;4;7410;-0.777390663618366
1870;5;7440.5;1.16934074575324
1870;6;7471;0.807463493636508
1870;7;7501.5;1.6080571141833
1870;8;7532.5;-0.91294711535052
1870;9;7563;-1.87856076777645
1870;10;7593.5;-1.03321075095936
1870;11;7624;0.0124309483726332
1870;12;7654.5;-1.79683904823195
1871;1;7685.5;-1.09393570489717
1871;2;7715;-0.95025951606183
1871;3;7744.5;-0.495702812630439
1871;4;7775;0.839073648093285
1871;5;7805.5;-0.460302464724606
1871;6;7836;-1.56983552726595
1871;7;7866.5;0.345747965726783
1871;8;7897.5;-0.770388815530618
1871;9;7928;0.523438922430169
1871;10;7958.5;-1.24843106459115
1871;11;7989;-1.49898577068823
1871;12;8019.5;-4.2438158928721
1872;1;8050.5;-0.503368789684711
1872;2;8080.5;0.166376794250102
1872;3;8110.5;0.594354218440805
1872;4;8141;0.509386524831862
1872;5;8171.5;0.376818228267367
1872;6;8202;-0.651033162944859
1872;7;8232.5;0.0131769201036645
1872;8;8263.5;-0.374399545355809
1872;9;8294;0.443099002546552
1872;10;8324.5;0.67502600446098
1872;11;8355;0.377773646174209
1872;12;8385.5;0.813664255478246
1873;1;8416.5;1.07421582634353
1873;2;8446;-0.749262829843784
1873;3;8475.5;1.33426929102622
1873;4;8506;-0.21913996350439
1873;5;8536.5;-0.974834212782028
1873;6;8567;-0.746873812304895
1873;7;8597.5;1.36139479325788
1873;8;8628.5;1.13465655564979
1873;9;8659;-0.0330988820524717
1873;10;8689.5;0.264328678075181
1873;11;8720;-1.10090634370591
1873;12;8750.5;-0.266858689170622
1874;1;8781.5;-0.832918893188279
1874;2;8811;-1.57168412095933
1874;3;8840.5;-1.23122651203484
1874;4;8871;0.73820089326359
1874;5;8901.5;-2.03064075112983
1874;6;8932;0.399524607084041
1874;7;8962.5;1.15995049080515
1874;8;8993.5;-0.347882662519553
1874;9;9024;0.440651444492719
1874;10;9054.5;0.37764367238436
1874;11;9085;-1.40930550478602
1874;12;9115.5;-0.600979965027785
1875;1;9146.5;-0.142303905225708
1875;2;9176;-2.59746642756638
1875;3;9205.5;-2.00026813682458
1875;4;9236;-1.41049839862911
1875;5;9266.5;2.1151889244631
1875;6;9297;0.885422673275415
1875;7;9327.5;-0.462453861947742
1875;8;9358.5;0.437591177131035
1875;9;9389;-0.492152174047206
1875;10;9419.5;-0.710511218535321
1875;11;9450;-1.29250028900846
1875;12;9480.5;-2.47271364883753
1876;1;9511.5;-1.62344219896606
1876;2;9541.5;-0.515917451355835
1876;3;9571.5;0.0329400801345516
1876;4;9602;-0.164845210348227
1876;5;9632.5;-1.00691559198503
1876;6;9663;-0.137910627259569
1876;7;9693.5;-0.123434683621609
1876;8;9724.5;0.320259086941053
1876;9;9755;-0.709656146854238
1876;10;9785.5;0.541907208055204
1876;11;9816;-1.47812982780041
1876;12;9846.5;0.988010785951301
1877;1;9877.5;0.657426131573424
1877;2;9907;0.172129108316506
1877;3;9936.5;-1.16356832273873
1877;4;9967;-0.513975994309949
1877;5;9997.5;-0.85595082954018
1877;6;10028;0.935678557169798
1877;7;10058.5;0.376969017242089
1877;8;10089.5;1.1548370704514
1877;9;10120;0.470002616164968
1877;10;10150.5;-1.68179711425706
1877;11;10181;0.0740516018157642
1877;12;10211.5;-0.844682292382994
1878;1;10242.5;-1.59822883401516
1878;2;10272;-0.557409562465373
1878;3;10301.5;-0.909532565452421
1878;4;10332;0.365203751141222
1878;5;10362.5;0.71480748084431
1878;6;10393;1.20888758110617
1878;7;10423.5;-0.278832272956287
1878;8;10454.5;1.08357490457693
1878;9;10485;0.301470963411457
1878;10;10515.5;0.843151308410397
1878;11;10546;-0.212693200779043
1878;12;10576.5;-0.728088080790646
1879;1;10607.5;-0.0528822058052011
1879;2;10637;0.823925611393272
1879;3;10666.5;0.114211555909841
1879;4;10697;-0.444532357166507
1879;5;10727.5;-2.08641525465892
1879;6;10758;0.411997020100842
1879;7;10788.5;-0.767355214289991
1879;8;10819.5;0.857783078758881
1879;9;10850;0.77876575183916
1879;10;10880.5;-0.80033387662662
1879;11;10911;-1.88548942215391
1879;12;10941.5;-2.39754253146475
1880;1;10972.5;-2.22794643786885
1880;2;11002.5;-0.635035746542155
1880;3;11032.5;-0.355947944125131
1880;4;11063;0.518724393027908
1880;5;11093.5;-0.699145294467968
1880;6;11124;-0.224020830090016
1880;7;11154.5;1.53075799496766
1880;8;11185.5;-0.126554393567497
1880;9;11216;0.14786680882995
1880;10;11246.5;0.2481430306953
1880;11;11277;0.534703459472508
1880;12;11307.5;0.870642436628541
1881;1;11338.5;0.244173386670461
1881;2;11368;0.198098744590521
1881;3;11397.5;0.351158660579543
1881;4;11428;0.93765067290894
1881;5;11458.5;-0.536609740547351
1881;6;11489;-0.429864074904426
1881;7;11519.5;0.544740743280008
1881;8;11550.5;0.626562853722117
1881;9;11581;-0.970514435873713
1881;10;11611.5;-1.2579469938395
1881;11;11642;-1.03362458549351
1881;12;11672.5;-0.199790236536636
1882;1;11703.5;0.146422954773314
1882;2;11733;-0.281167334582138
1882;3;11762.5;1.02916437725367
1882;4;11793;-0.235212847262738
1882;5;11823.5;0.196599660801049
1882;6;11854;0.231267614234745
1882;7;11884.5;-0.265362451979365
1882;8;11915.5;-0.788472372912631
1882;9;11946;-0.615161802234267
1882;10;11976.5;0.237771079220084
1882;11;12007;0.0451687264749271
1882;12;12037.5;0.181650920072302
1883;1;12068.5;-0.0163153708342136
1883;2;12098;-0.0438256828156252
1883;3;12127.5;-1.62256581311469
1883;4;12158;-0.829440832774149
1883;5;12188.5;-0.887942584177152
1883;6;12219;-0.455166185782157
1883;7;12249.5;-0.302446426575042
1883;8;12280.5;-0.646901386897247
1883;9;12311;-0.792235334872375
1883;10;12341.5;-0.815444133443498
1883;11;12372;-0.432751376192091
1883;12;12402.5;-1.15124329181155
1884;1;12433.5;-0.487321919699086
1884;2;12463.5;0.289563720221254
1884;3;12493.5;0.00965525402120652
1884;4;12524;0.069789634994345
1884;5;12554.5;0.624006158047213
1884;6;12585;-2.12931321598424
1884;7;12615.5;-0.196151132337923
1884;8;12646.5;-0.567757620548211
1884;9;12677;-0.59119342831938
1884;10;12707.5;-1.23851217150195
1884;11;12738;-1.80347408575407
1884;12;12768.5;-0.318140053997748
1885;1;12799.5;-0.957466060768725
1885;2;12829;0.376727323975279
1885;3;12858.5;0.28963893923713
1885;4;12889;-0.357872106182084
1885;5;12919.5;-0.553084736432346
1885;6;12950;-0.220936176352933
1885;7;12980.5;0.00252917381595809
1885;8;13011.5;1.18899997352607
1885;9;13042;-0.3525708721441
1885;10;13072.5;-0.884374855835929
1885;11;13103;-0.535444742569971
1885;12;13133.5;-0.677209948417854
1886;1;13164.5;-0.505562680029807
1886;2;13194;-0.656190985337323
1886;3;13223.5;-0.947196098006982
1886;4;13254;0.0897375252709188
1886;5;13284.5;-0.234619729867881
1886;6;13315;-0.921191841677772
1886;7;13345.5;-0.560011795583908
1886;8;13376.5;-0.915361021407368
1886;9;13407;0.579212060783321
1886;10;13437.5;0.735294591357738
1886;11;13468;0.195084882440566
1886;12;13498.5;0.276095253200224
1887;1;13529.5;-0.720641397926253
1887;2;13559;-1.33813147032988
1887;3;13588.5;-0.020602678086118
1887;4;13619;-0.649613597720929
1887;5;13649.5;-0.66966110911855
1887;6;13680;0.00772161841259994
1887;7;13710.5;0.846259049391967
1887;8;13741.5;0.521987703466736
1887;9;13772;0.815740961399607
1887;10;13802.5;-1.90266025328187
1887;11;13833;-0.770708949399503
1887;12;13863.5;-0.751458188256832
1888;1;13894.5;-1.85876375519744
1888;2;13924.5;-1.38936709097867
1888;3;13954.5;-0.569995193825772
1888;4;13985;-0.27907965543276
1888;5;14015.5;-0.0845295672761844
1888;6;14046;0.677591495407079
1888;7;14076.5;-0.512665117296383
1888;8;14107.5;-1.3407497507559
1888;9;14138;0.404052145851625
1888;10;14168.5;-1.2028148241801
1888;11;14199;-1.24397159866147
1888;12;14229.5;0.0687689532852019
1889;1;14260.5;-1.0063939951722
1889;2;14290;-1.17793139118416
1889;3;14319.5;-1.09868046727816
1889;4;14350;-1.03527767680356
1889;5;14380.5;0.0134503750631489
1889;6;14411;0.588909144221205
1889;7;14441.5;0.0221323208319566
1889;8;14472.5;-0.0238607759757213
1889;9;14503;-0.751492961989611
1889;10;14533.5;0.0256028509842538
1889;11;14564;-0.507821429864273
1889;12;14594.5;-1.32529518090969
1890;1;14625.5;0.443998013868331
1890;2;14655;-1.11482700842166
1890;3;14684.5;-0.546898364030639
1890;4;14715;-0.203469382253107
1890;5;14745.5;-0.210065693045002
1890;6;14776;-0.749210820138117
1890;7;14806.5;-0.977178436932202
1890;8;14837.5;0.486070334998492
1890;9;14868;-1.57621966093584
1890;10;14898.5;-1.22153905530648
1890;11;14929;-1.42013041698082
1890;12;14959.5;-1.68241567340458
1891;1;14990.5;-2.5545297415546
1891;2;15020;-1.97149998000965
1891;3;15049.5;-0.725156239051726
1891;4;15080;-1.21511033643196
1891;5;15110.5;-0.329008240863733
1891;6;15141;-0.581255992324805
1891;7;15171.5;0.218897894558456
1891;8;15202.5;-0.341407163896065
1891;9;15233;0.226815984396961
1891;10;15263.5;0.365273988156038
1891;11;15294;0.179248050655878
1891;12;15324.5;0.263146107457617
1892;1;15355.5;-0.0845115936257772
1892;2;15385.5;0.710920034016229
1892;3;15415.5;-0.508897726133829
1892;4;15446;0.115657143855572
1892;5;15476.5;-0.368955257174169
1892;6;15507;0.734133758809899
1892;7;15537.5;-0.0901968037647223
1892;8;15568.5;0.0801889911092118
1892;9;15599;-0.179036637995937
1892;10;15629.5;0.314705041139895
1892;11;15660;-0.125529375315982
1892;12;15690.5;-0.818372735060458
1893;1;15721.5;-2.82828556493371
1893;2;15751;-0.632464605615829
1893;3;15780.5;-0.386106890706873
1893;4;15811;0.15311313892518
1893;5;15841.5;0.0262203837198566
1893;6;15872;-0.0035694647690414
1893;7;15902.5;0.227368747225097
1893;8;15933.5;-0.508281459089949
1893;9;15964;0.390473892346563
1893;10;15994.5;0.875574596709327
1893;11;16025;0.171403491262363
1893;12;16055.5;0.176401504507568
1894;1;16086.5;-1.15348685146768
1894;2;16116;-0.556273260870836
1894;3;16145.5;-0.228892363210013
1894;4;16176;0.319364443249171
1894;5;16206.5;-0.529922025647933
1894;6;16237;-1.001638111232
1894;7;16267.5;0.499070836768606
1894;8;16298.5;-0.767366252366821
1894;9;16329;-0.142612449311601
1894;10;16359.5;0.363228400144649
1894;11;16390;0.48800620130501
1894;12;16420.5;-0.448793740693051
1895;1;16451.5;-1.06129794306506
1895;2;16481;-1.82676314463863
1895;3;16510.5;-0.953338115109992
1895;4;16541;0.251150169190362
1895;5;16571.5;-0.765793329974302
1895;6;16602;-0.329243608269494
1895;7;16632.5;0.643849357029981
1895;8;16663.5;-0.263435131479313
1895;9;16694;1.21367571104448
1895;10;16724.5;0.373448857157417
1895;11;16755;0.736063959996815
1895;12;16785.5;0.257378475699001
1896;1;16816.5;-1.31052578414056
1896;2;16846.5;-0.632000739743415
1896;3;16876.5;0.251865861267047
1896;4;16907;-1.4427495219325
1896;5;16937.5;-1.29869752132422
1896;6;16968;-0.469945229968834
1896;7;16998.5;0.264822957462008
1896;8;17029.5;-1.41185598345859
1896;9;17060;-0.715077600287584
1896;10;17090.5;-0.378165566009764
1896;11;17121;-0.752147368793339
1896;12;17151.5;-0.0958553108916302
1897;1;17182.5;-0.218285807578235
1897;2;17212;0.109466764121778
1897;3;17241.5;0.560340777031047
1897;4;17272;0.079835807814735
1897;5;17302.5;-0.89425202543911
1897;6;17333;0.0381825877566442
1897;7;17363.5;0.713271100464933
1897;8;17394.5;-0.173227129440795
1897;9;17425;0.0829530989177254
1897;10;17455.5;-1.52322111520577
1897;11;17486;-0.971381198397836
1897;12;17516.5;-0.577565906115509
1898;1;17547.5;0.465887611535153
1898;2;17577;-0.722951671374771
1898;3;17606.5;-0.0444751642995159
1898;4;17637;-0.00568810851259627
1898;5;17667.5;-0.456153243609863
1898;6;17698;-0.186489191186065
1898;7;17728.5;-0.983113267120222
1898;8;17759.5;-0.402590306910611
1898;9;17790;-0.0355473052440444
1898;10;17820.5;0.491357131585681
1898;11;17851;1.50134671412053
1898;12;17881.5;0.228655670345132
1899;1;17912.5;0.762248093178949
1899;2;17942;0.320350532943727
1899;3;17971.5;-0.0164246516039011
1899;4;18002;0.0195089675677873
1899;5;18032.5;-0.0487121561063623
1899;6;18063;-0.855911727297521
1899;7;18093.5;-1.09633944896356
1899;8;18124.5;-0.0422101348519805
1899;9;18155;-0.0259209498309629
1899;10;18185.5;0.563460884019826
1899;11;18216;0.169626457468242
1899;12;18246.5;-0.594948346500559
1900;1;18277.5;0.255760389128311
1900;2;18307;0.851935373500217
1900;3;18336.5;-1.23471395567116
1900;4;18367;-0.963652272530933
1900;5;18397.5;-0.699356795586442
1900;6;18428;-0.099549778131826
1900;7;18458.5;-0.466098830899561
1900;8;18489.5;-1.09120512465065
1900;9;18520;0.426079109149315
1900;10;18550.5;1.40801243932948
1900;11;18581;0.838747306887858
1900;12;18611.5;0.0807554921392547
1901;1;18642.5;-1.35517962944816
1901;2;18672;-2.00998540148037
1901;3;18701.5;-0.263139428547284
1901;4;18732;0.195868292231691
1901;5;18762.5;-0.79661009875734
1901;6;18793;0.594244092620624
1901;7;18823.5;-0.116055582938258
1901;8;18854.5;-0.440714370256011
1901;9;18885;-0.36013089435969
1901;10;18915.5;-0.518641554379095
1901;11;18946;-0.922947839684734
1901;12;18976.5;0.0087835708118088
1902;1;19007.5;0.0115941396428037
1902;2;19037;0.542074328438256
1902;3;19066.5;-0.249061949888641
1902;4;19097;0.709289972188908
1902;5;19127.5;-2.05689465314691
1902;6;19158;-1.58696161972605
1902;7;19188.5;-0.0433297109035082
1902;8;19219.5;-0.0796290256628785
1902;9;19250;0.187866561532622
1902;10;19280.5;-0.325599969427465
1902;11;19311;-0.982647576050517
1902;12;19341.5;-0.93200125735015
1903;1;19372.5;-0.422732571148785
1903;2;19402;-0.138969118142884
1903;3;19431.5;-0.0325892175613273
1903;4;19462;-1.61726611184359
1903;5;19492.5;-0.699592768319177
1903;6;19523;-1.5484105164993
1903;7;19553.5;-1.33593702941188
1903;8;19584.5;-0.466777678018197
1903;9;19615;-0.263507719369529
1903;10;19645.5;-0.0754210420197487
1903;11;19676;-0.711076156945074
1903;12;19706.5;-0.314561754278222
1904;1;19737.5;-0.477112226431037
1904;2;19767.5;-0.018372500641746
1904;3;19797.5;-0.187637301829752
1904;4;19828;0.0156083454450346
1904;5;19858.5;0.457002349738081
1904;6;19889;0.93248504831585
1904;7;19919.5;1.37679828402677
1904;8;19950.5;0.556052535699399
1904;9;19981;-1.33781751303574
1904;10;20011.5;-1.08442015078308
1904;11;20042;-1.58750849353357
1904;12;20072.5;-0.806107327433314
1905;1;20103.5;-1.83279856110855
1905;2;20133;-1.77134657108849
1905;3;20162.5;-0.261658347593233
1905;4;20193;-0.0369664926600151
1905;5;20223.5;-0.90427853341269
1905;6;20254;-0.502905807035603
1905;7;20284.5;1.02443541198133
1905;8;20315.5;0.320468616406318
1905;9;20346;0.589871144974478
1905;10;20376.5;-2.32471999696378
1905;11;20407;-0.661338435402625
1905;12;20437.5;-0.358544062938784
1906;1;20468.5;-0.576292050108998
1906;2;20498;-1.17964462671599
1906;3;20527.5;-0.588228587139507
1906;4;20558;-0.632375043501127
1906;5;20588.5;-0.914557296692331
1906;6;20619;-0.631669236609139
1906;7;20649.5;-0.31366997583282
1906;8;20680.5;0.231363333362091
1906;9;20711;-0.999594337043043
1906;10;20741.5;-0.592982075978259
1906;11;20772;0.109447927627865
1906;12;20802.5;-1.03439815803317
1907;1;20833.5;-1.49199896077183
1907;2;20863;-1.8195378572323
1907;3;20892.5;-1.76791649897201
1907;4;20923;-1.5134755531488
1907;5;20953.5;-0.292878412102453
1907;6;20984;-0.407938599708961
1907;7;21014.5;-0.846501753352027
1907;8;21045.5;0.171506027617418
1907;9;21076;-0.175499401681043
1907;10;21106.5;0.747056725892656
1907;11;21137;0.154782988096004
1907;12;21167.5;0.587966048661942
1908;1;21198.5;-0.401170107794632
1908;2;21228.5;-0.675993957333884
1908;3;21258.5;-0.825760605362956
1908;4;21289;-1.27395729047422
1908;5;21319.5;0.707424894132606
1908;6;21350;0.364813960807892
1908;7;21380.5;-0.297397948168745
1908;8;21411.5;-0.684923062680523
1908;9;21442;-1.05213326617924
1908;10;21472.5;-0.28741060398414
1908;11;21503;-0.796177332808639
1908;12;21533.5;-0.602773307760687
1909;1;21564.5;-1.05331300580615
1909;2;21594;-1.76905684161138
1909;3;21623.5;-0.819827863988036
1909;4;21654;-0.0435032220294946
1909;5;21684.5;-0.325116673275301
1909;6;21715;-0.869181043251189
1909;7;21745.5;-1.56949884641418
1909;8;21776.5;-0.81672261121709
1909;9;21807;-0.796311546861599
1909;10;21837.5;0.0903577527073132
1909;11;21868;-0.905999722013531
1909;12;21898.5;0.408792831772124
1910;1;21929.5;-0.286147651900384
1910;2;21959;-0.446289371345144
1910;3;21988.5;-0.494980325952783
1910;4;22019;-0.550390771592035
1910;5;22049.5;-1.3836533187726
1910;6;22080;-0.691784938770465
1910;7;22110.5;-1.37810083365704
1910;8;22141.5;-0.728145754542811
1910;9;22172;-1.84645564073142
1910;10;22202.5;-0.0812376962799785
1910;11;22233;-0.983097635738999
1910;12;22263.5;0.406937562182159
1911;1;22294.5;-1.0561539872568
1911;2;22324;-1.29195142379207
1911;3;22353.5;-0.434586724308387
1911;4;22384;-0.841865245791484
1911;5;22414.5;-0.889948477309014
1911;6;22445;-0.350520113837947
1911;7;22475.5;0.0788782590336824
1911;8;22506.5;1.46795324645086
1911;9;22537;0.74477049812243
1911;10;22567.5;0.230585119666749
1911;11;22598;0.925158202097365
1911;12;22628.5;1.11428243126959
1912;1;22659.5;0.104369991499704
1912;2;22689.5;0.990195884712174
1912;3;22719.5;0.959794752360538
1912;4;22750;-0.772433548067498
1912;5;22780.5;-0.163424812686632
1912;6;22811;-0.437325022156887
1912;7;22841.5;-0.164932209393491
1912;8;22872.5;-0.992183413074963
1912;9;22903;-2.81962835009672
1912;10;22933.5;-1.24129615318591
1912;11;22964;-1.96171184735362
1912;12;22994.5;-0.449593667031105
1913;1;23025.5;0.233204733587272
1913;2;23055;-0.680477904320642
1913;3;23084.5;0.495268287572663
1913;4;23115;-0.196743013539215
1913;5;23145.5;-0.432348775239599
1913;6;23176;-0.00918283076053326
1913;7;23206.5;-2.03810508607772
1913;8;23237.5;-1.15535572181349
1913;9;23268;0.310500852966937
1913;10;23298.5;0.353928838382882
1913;11;23329;0.903264715140132
1913;12;23359.5;0.0522537300450645
1914;1;23390.5;-1.41104803163957
1914;2;23420;-0.103975847041584
1914;3;23449.5;0.22040503441063
1914;4;23480;0.736609779850111
1914;5;23510.5;-0.0840982431782855
1914;6;23541;-1.37142474427143
1914;7;23571.5;-1.23507912042313
1914;8;23602.5;-1.07786283907298
1914;9;23633;-1.05631692772541
1914;10;23663.5;-1.27105624306928
1914;11;23694;-0.983393376801108
1914;12;23724.5;0.355077795170194
1915;1;23755.5;-0.269494740870081
1915;2;23785;-0.605642455948544
1915;3;23814.5;-0.677910501358995
1915;4;23845;-0.629609307233991
1915;5;23875.5;0.751528236056825
1915;6;23906;1.14368845341054
1915;7;23936.5;0.214343309422881
1915;8;23967.5;-0.26181217722309
1915;9;23998;-1.3910298132196
1915;10;24028.5;-1.54636975511176
1915;11;24059;-0.888341440684116
1915;12;24089.5;0.794470067996846
1916;1;24120.5;0.0246511659159198
1916;2;24150.5;0.129442109370129
1916;3;24180.5;0.752664379296994
1916;4;24211;0.38053888706639
1916;5;24241.5;0.398920973711232
1916;6;24272;0.641807592668696
1916;7;24302.5;0.464347605015898
1916;8;24333.5;-0.617445313261355
1916;9;24364;-1.13791435668285
1916;10;24394.5;-0.687810562537793
1916;11;24425;0.129208406670812
1916;12;24455.5;1.14125285576852
1917;1;24486.5;-0.317018927533811
1917;2;24516;-1.83794791968926
1917;3;24545.5;-0.765516305003637
1917;4;24576;-0.873489310117396
1917;5;24606.5;0.529611282185812
1917;6;24637;1.82648846956922
1917;7;24667.5;-0.130531913855759
1917;8;24698.5;1.02215679350773
1917;9;24729;1.17704294293106
1917;10;24759.5;-0.769901392580186
1917;11;24790;-1.53242475298825
1917;12;24820.5;-1.8308667579634
1918;1;24851.5;-0.107687421265095
1918;2;24881;-0.806426422648985
1918;3;24910.5;-0.906853950119953
1918;4;24941;-0.391808803221816
1918;5;24971.5;-0.425478584710878
1918;6;25002;-2.76259162233136
1918;7;25032.5;-1.2265391895688
1918;8;25063.5;-0.674668040734173
1918;9;25094;1.31607991347939
1918;10;25124.5;-1.46935371865643
1918;11;25155;-1.08181722550548
1918;12;25185.5;0.116343002074267
1919;1;25216.5;0.203134228063537
1919;2;25246;-0.195954275177034
1919;3;25275.5;-0.0146548526763831
1919;4;25306;-0.820007976960024
1919;5;25336.5;-2.01295438146922
1919;6;25367;0.361520553927037
1919;7;25397.5;-1.28611497640449
1919;8;25428.5;-0.219633707808862
1919;9;25459;0.225761927119061
1919;10;25489.5;-1.222206497505
1919;11;25520;-0.986260480399058
1919;12;25550.5;-0.36716079452716
1920;1;25581.5;0.595001453405414
1920;2;25611.5;0.126846553868069
1920;3;25641.5;0.567015742829572
1920;4;25672;0.690144910161214
1920;5;25702.5;1.32690540829683
1920;6;25733;0.362145307014004
1920;7;25763.5;0.787628686020259
1920;8;25794.5;-0.154261679434615
1920;9;25825;0.19328107420642
1920;10;25855.5;-0.382720572962204
1920;11;25886;-0.544485850950742
1920;12;25916.5;0.368080237663041
1921;1;25947.5;0.562010276932326
1921;2;25977;-0.16075978090804
1921;3;26006.5;0.238358880492129
1921;4;26037;-0.684123230977908
1921;5;26067.5;0.480125762450879
1921;6;26098;-1.05660015396174
1921;7;26128.5;0.132715723727395
1921;8;26159.5;0.391928189490343
1921;9;26190;0.572245076205193
1921;10;26220.5;0.611655696646472
1921;11;26251;-0.668081092296037
1921;12;26281.5;-0.79109906140729
1922;1;26312.5;-0.839263717711324
1922;2;26342;-0.844886842293156
1922;3;26371.5;0.701377995415607
1922;4;26402;0.00189099011382962
1922;5;26432.5;0.39995030951278
1922;6;26463;0.75606399993839
1922;7;26493.5;-0.371168326463494
1922;8;26524.5;0.78893609116794
1922;9;26555;-0.862866612265317
1922;10;26585.5;-0.693364488900166
1922;11;26616;-1.58935017479681
1922;12;26646.5;-0.885251655657083
1923;1;26677.5;-0.866708074566772
1923;2;26707;-0.357927017993568
1923;3;26736.5;-0.327487085817003
1923;4;26767;-0.401959059041222
1923;5;26797.5;0.312790203977061
1923;6;26828;-1.86370758110881
1923;7;26858.5;-0.0424321575402316
1923;8;26889.5;1.03159188280213
1923;9;26920;0.195476424306714
1923;10;26950.5;0.603464727273105
1923;11;26981;1.00927558129561
1923;12;27011.5;-0.416164979595027
1924;1;27042.5;-0.930648754156142
1924;2;27072.5;-0.941476356365899
1924;3;27102.5;-0.386225533581594
1924;4;27133;0.0945855297595881
1924;5;27163.5;1.5219471396542
1924;6;27194;0.926781818777152
1924;7;27224.5;0.273615786837869
1924;8;27255.5;-1.06204669589976
1924;9;27286;0.854711625347689
1924;10;27316.5;0.0343784077027098
1924;11;27347;-0.210366280124488
1924;12;27377.5;0.169901193870688
1925;1;27408.5;0.229056678638874
1925;2;27438;0.628872505872872
1925;3;27467.5;-0.856430430334274
1925;4;27498;-0.313861012764521
1925;5;27528.5;-0.574617976340343
1925;6;27559;0.137966874869224
1925;7;27589.5;-0.77462602826505
1925;8;27620.5;0.0243035685757857
1925;9;27651;-0.660854163801321
1925;10;27681.5;-0.305772030584587
1925;11;27712;0.0156062103233435
1925;12;27742.5;-0.711593966965178
1926;1;27773.5;-0.340563936547286
1926;2;27803;0.968448139596387
1926;3;27832.5;0.0946078853095766
1926;4;27863;0.49432618563469
1926;5;27893.5;-0.813209868340096
1926;6;27924;-1.24979466768611
1926;7;27954.5;-1.47844351253687
1926;8;27985.5;-1.17778577212186
1926;9;28016;0.992946969171764
1926;10;28046.5;1.25610668357004
1926;11;28077;2.05866073037609
1926;12;28107.5;-0.0396341486513731
1927;1;28138.5;0.100776857681063
1927;2;28168;-0.77131331490729
1927;3;28197.5;0.378209939788527
1927;4;28228;0.197562454292359
1927;5;28258.5;0.607360789506448
1927;6;28289;1.16091006542532
1927;7;28319.5;0.86313807364646
1927;8;28350.5;0.869595633284887
1927;9;28381;0.229651425366327
1927;10;28411.5;-0.497170486243722
1927;11;28442;1.07831161847912
1927;12;28472.5;0.36469637577901
1928;1;28503.5;0.2964143893591
1928;2;28533.5;-0.00116716940615775
1928;3;28563.5;-0.169863609453461
1928;4;28594;0.328327075870865
1928;5;28624.5;-0.952828267642098
1928;6;28655;0.33508579722563
1928;7;28685.5;1.95966600865858
1928;8;28716.5;2.00351002462214
1928;9;28747;1.21861373885372
1928;10;28777.5;0.334913162791652
1928;11;28808;0.226742133913601
1928;12;28838.5;-0.764172783828683
1929;1;28869.5;-1.64027461805642
1929;2;28899;-2.66398602124909
1929;3;28928.5;-0.962487812485108
1929;4;28959;-0.754499152376513
1929;5;28989.5;0.129955605538156
1929;6;29020;1.14310332507155
1929;7;29050.5;0.647978158329725
1929;8;29081.5;0.0938852187664302
1929;9;29112;0.661154741410681
1929;10;29142.5;-0.442411658599367
1929;11;29173;-0.118210211873663
1929;12;29203.5;0.204882812539907
1930;1;29234.5;0.402840998461726
1930;2;29264;-0.531396286246077
1930;3;29293.5;0.49484399475773
1930;4;29324;0.0444417506985478
1930;5;29354.5;-0.598143289927821
1930;6;29385;1.03811192775468
1930;7;29415.5;0.39652446096338
1930;8;29446.5;-0.32701850645416
1930;9;29477;0.395068420168552
1930;10;29507.5;-0.331835380560418
1930;11;29538;0.40311431448825
1930;12;29568.5;0.28470083741883
1931;1;29599.5;0.342116100481045
1931;2;29629;-0.693220646267751
1931;3;29658.5;0.0726858141752803
1931;4;29689;-0.245215020243349
1931;5;29719.5;0.260550647596072
1931;6;29750;2.21354367205489
1931;7;29780.5;1.05840296258255
1931;8;29811.5;0.266142221310181
1931;9;29842;-1.45470235532471
1931;10;29872.5;-0.676680597278012
1931;11;29903;0.0584362246002285
1931;12;29933.5;-0.721223450762414
1932;1;29964.5;-0.0914986162328961
1932;2;29994.5;-1.7023472071628
1932;3;30024.5;-0.913094747655967
1932;4;30055;-0.878848263381731
1932;5;30085.5;-0.304421872969448
1932;6;30116;-1.02322986752394
1932;7;30146.5;-0.864291949529853
1932;8;30177.5;0.369341417766076
1932;9;30208;2.01491511386734
1932;10;30238.5;1.38826271228356
1932;11;30269;0.356254388529423
1932;12;30299.5;1.3611302975712
1933;1;30330.5;0.101106131805177
1933;2;30360;-0.163453763920786
1933;3;30389.5;-0.129518952439711
1933;4;30420;0.145393843379179
1933;5;30450.5;-0.460365315521178
1933;6;30481;-1.5738168874708
1933;7;30511.5;-0.378123760225713
1933;8;30542.5;0.13862903234431
1933;9;30573;0.267664037627263
1933;10;30603.5;0.771765827823843
1933;11;30634;0.0241833648870547
1933;12;30664.5;-0.854011665120041
1934;1;30695.5;-0.583086223855145
1934;2;30725;-0.729693138903944
1934;3;30754.5;-0.0730914025053494
1934;4;30785;0.497682834598161
1934;5;30815.5;1.04846940738428
1934;6;30846;0.805952490175985
1934;7;30876.5;0.529102439393806
1934;8;30907.5;-0.0970164546671781
1934;9;30938;0.119914110455639
1934;10;30968.5;-0.457184181101269
1934;11;30999;-0.0470758420761081
1934;12;31029.5;0.88615284224204
1935;1;31060.5;-1.49929786249355
1935;2;31090;-0.58567579847796
1935;3;31119.5;-0.910014712856427
1935;4;31150;-0.34323982503085
1935;5;31180.5;-0.938059936749218
1935;6;31211;0.39605194983811
1935;7;31241.5;0.848177326174589
1935;8;31272.5;0.313553570201419
1935;9;31303;0.403742342975918
1935;10;31333.5;0.672451008183252
1935;11;31364;0.431700011023995
1935;12;31394.5;-0.065595535695148
1936;1;31425.5;1.31534067396317
1936;2;31455.5;0.345110977764405
1936;3;31485.5;0.596411057550094
1936;4;31516;0.430021234552088
1936;5;31546.5;-0.177691505220096
1936;6;31577;-0.576614270187098
1936;7;31607.5;0.387368721275142
1936;8;31638.5;-0.334714469531262
1936;9;31669;0.0293272633408748
1936;10;31699.5;-2.01939959136759
1936;11;31730;-0.585265919256688
1936;12;31760.5;-0.113253111236114
1937;1;31791.5;0.245567894775768
1937;2;31821;0.687690483014019
1937;3;31850.5;0.639051013330812
1937;4;31881;-0.000213520966068737
1937;5;31911.5;0.388042268078321
1937;6;31942;1.83809371107045
1937;7;31972.5;0.108018819845548
1937;8;32003.5;0.417268103465511
1937;9;32034;-0.00320847462464022
1937;10;32064.5;0.201361857463091
1937;11;32095;0.376613973031706
1937;12;32125.5;-0.39967236970564
1938;1;32156.5;-0.539171062946114
1938;2;32186;-1.0543583102515
1938;3;32215.5;0.0596965688125065
1938;4;32246;-1.06475476328193
1938;5;32276.5;-1.18068438056212
1938;6;32307;0.836895134440478
1938;7;32337.5;0.0386032992484332
1938;8;32368.5;0.37100942946487
1938;9;32399;-0.363673640882782
1938;10;32429.5;0.331728379170827
1938;11;32460;0.595373490836103
1938;12;32490.5;0.139618508312986
1939;1;32521.5;0.750811292643842
1939;2;32551;0.334042541625214
1939;3;32580.5;-1.03786810732049
1939;4;32611;0.365653808274233
1939;5;32641.5;-1.44738651159979
1939;6;32672;-0.867027177949458
1939;7;32702.5;0.194384643527184
1939;8;32733.5;0.309166510407146
1939;9;32764;-0.477403862620931
1939;10;32794.5;-0.113305215774503
1939;11;32825;0.233113580593221
1939;12;32855.5;-0.723052716843797
1940;1;32886.5;-1.63130945147269
1940;2;32916.5;-0.742491352416782
1940;3;32946.5;-0.62905422150302
1940;4;32977;-0.334008782193964
1940;5;33007.5;-0.431293819953048
1940;6;33038;-1.21580674284966
1940;7;33068.5;-1.10745401506385
1940;8;33099.5;-1.27274392006528
1940;9;33130;-0.245546336376995
1940;10;33160.5;0.169119823822885
1940;11;33191;0.7056942018861
1940;12;33221.5;-2.20185630844713
1941;1;33252.5;-1.02292105747462
1941;2;33282;0.59984816487125
1941;3;33311.5;0.69835519485646
1941;4;33342;-0.487205395812505
1941;5;33372.5;-1.31765180228186
1941;6;33403;-1.29747809256563
1941;7;33433.5;-0.532329958547407
1941;8;33464.5;-0.595151141486653
1941;9;33495;-1.50874585142375
1941;10;33525.5;-1.16437022061143
1941;11;33556;-1.32517478209056
1941;12;33586.5;-1.53751038230451
1942;1;33617.5;-3.3462149470312
1942;2;33647;-2.42421092066414
1942;3;33676.5;0.424290371691301
1942;4;33707;0.722536846418341
1942;5;33737.5;0.886992924702161
1942;6;33768;0.498404173648791
1942;7;33798.5;-0.329060387758453
1942;8;33829.5;-0.458600503857222
1942;9;33860;1.00462233648685
1942;10;33890.5;0.801063674439304
1942;11;33921;0.0765689234770108
1942;12;33951.5;0.887447977302178
1943;1;33982.5;-0.482964626436297
1943;2;34012;0.413477335848006
1943;3;34041.5;0.772528368096511
1943;4;34072;0.938137028348003
1943;5;34102.5;0.493789747161262
1943;6;34133;-0.0504306971419828
1943;7;34163.5;0.474287698011609
1943;8;34194.5;1.17404045770325
1943;9;34225;1.89111541847564
1943;10;34255.5;1.33086116810007
1943;11;34286;0.0112706609961352
1943;12;34316.5;0.530854573052435
1944;1;34347.5;0.30494237611045
1944;2;34377.5;-0.887223765332836
1944;3;34407.5;-0.974269758206512
1944;4;34438;0.617873208665276
1944;5;34468.5;0.381315569540501
1944;6;34499;0.0268302368301453
1944;7;34529.5;-0.201032645587858
1944;8;34560.5;1.0332647708926
1944;9;34591;0.735248019038936
1944;10;34621.5;-0.516725936814965
1944;11;34652;-0.976370885841221
1944;12;34682.5;-0.449031773307053
1945;1;34713.5;-1.38059662135278
1945;2;34743;-0.357115873934548
1945;3;34772.5;0.212049872596644
1945;4;34803;0.899383383736862
1945;5;34833.5;1.43383416385895
1945;6;34864;2.42341617608258
1945;7;34894.5;1.68182837026097
1945;8;34925.5;0.99775197950992
1945;9;34956;0.449580764637227
1945;10;34986.5;-0.514026807241752
1945;11;35017;-0.0756848575750198
1945;12;35047.5;-0.0393007657424968
1946;1;35078.5;-0.186065846585051
1946;2;35108;0.322175439158387
1946;3;35137.5;0.287322844974447
1946;4;35168;1.13256773924111
1946;5;35198.5;0.61279632904846
1946;6;35229;0.855583202572559
1946;7;35259.5;0.636314853188466
1946;8;35290.5;1.39555945906822
1946;9;35321;1.90314033778192
1946;10;35351.5;0.300093022921494
1946;11;35382;0.488076160704924
1946;12;35412.5;-1.0067429396552
1947;1;35443.5;-1.7353556692805
1947;2;35473;-0.136889767703391
1947;3;35502.5;1.31638975054345
1947;4;35533;1.04889955034409
1947;5;35563.5;0.610430504184781
1947;6;35594;1.6008291923265
1947;7;35624.5;1.18561928432781
1947;8;35655.5;1.52530624970752
1947;9;35686;1.12756396063141
1947;10;35716.5;0.289964399882937
1947;11;35747;0.672294437475673
1947;12;35777.5;-0.226751726367794
1948;1;35808.5;1.04422759954148
1948;2;35838.5;0.063148304151035
1948;3;35868.5;0.466747186770659
1948;4;35899;0.493351064148104
1948;5;35929.5;0.674028395834442
1948;6;35960;-0.00132065297821326
1948;7;35990.5;-1.86310287633867
1948;8;36021.5;-0.170880084061253
1948;9;36052;-0.119723434530426
1948;10;36082.5;0.758885969124418
1948;11;36113;0.402757964979736
1948;12;36143.5;0.395291875704864
1949;1;36174.5;0.770794372458338
1949;2;36204;-0.207291062221235
1949;3;36233.5;-0.993058774993603
1949;4;36264;0.926006163160837
1949;5;36294.5;-0.166338458573533
1949;6;36325;0.114722556225307
1949;7;36355.5;0.285442247047896
1949;8;36386.5;0.0581921548978421
1949;9;36417;0.971535838450473
1949;10;36447.5;0.864010245940404
1949;11;36478;0.122276565135013
1949;12;36508.5;0.559453827748524
1950;1;36539.5;-0.0633467282060868
1950;2;36569;0.599074984525188
1950;3;36598.5;0.390328567759679
1950;4;36629;0.113492942345
1950;5;36659.5;1.19148641205534
1950;6;36690;1.92442034658987
1950;7;36720.5;1.71604463870433
1950;8;36751.5;1.4310297127188
1950;9;36782;0.435244112612238
1950;10;36812.5;0.260970882458733
1950;11;36843;0.181462322151354
1950;12;36873.5;0.279074616880027
1951;1;36904.5;0.548412464140018
1951;2;36934;0.596438624287244
1951;3;36963.5;0.0540111348095031
1951;4;36994;-0.0635342402244179
1951;5;37024.5;-0.183822809105466
1951;6;37055;0.504751479631211
1951;7;37085.5;0.138996536020048
1951;8;37116.5;0.433246473922705
1951;9;37147;0.861833723824862
1951;10;37177.5;-1.11740192451242
1951;11;37208;0.106174223639525
1951;12;37238.5;-0.0280833804344271
1952;1;37269.5;-0.277305708807644
1952;2;37299.5;-0.751314600116506
1952;3;37329.5;-0.016657086810328
1952;4;37360;1.1309567537586
1952;5;37390.5;0.644346808690591
1952;6;37421;1.68103756004247
1952;7;37451.5;1.96087010285145
1952;8;37482.5;1.81799680803525
1952;9;37513;0.640753332169907
1952;10;37543.5;-0.0447030389937522
1952;11;37574;-0.824785066560817
1952;12;37604.5;-0.224120845714114
1953;1;37635.5;-1.21859608557244
1953;2;37665;-0.721181124955126
1953;3;37694.5;-0.684230748176023
1953;4;37725;0.535775989896226
1953;5;37755.5;0.326128512319376
1953;6;37786;-0.421520233327775
1953;7;37816.5;0.586880007007234
1953;8;37847.5;-0.00127000382848768
1953;9;37878;0.606235241212143
1953;10;37908.5;0.823214604734444
1953;11;37939;0.0891816616267774
1953;12;37969.5;1.22848330816215
1954;1;38000.5;-0.916396032472035
1954;2;38030;-1.03986904550065
1954;3;38059.5;0.343953258224182
1954;4;38090;-0.48863207392398
1954;5;38120.5;-0.953798614059926
1954;6;38151;0.687213544410892
1954;7;38181.5;-1.04447574765354
1954;8;38212.5;-1.04056606888658
1954;9;38243;0.344412261056332
1954;10;38273.5;-0.674821774959909
1954;11;38304;-0.285993867885711
1954;12;38334.5;0.477159758556361
1955;1;38365.5;1.07136011544356
1955;2;38395;0.850381167879286
1955;3;38424.5;0.0409789754246216
1955;4;38455;-0.321786694595957
1955;5;38485.5;0.637077372531961
1955;6;38516;0.38399350279167
1955;7;38546.5;0.532989289567362
1955;8;38577.5;-0.237073339910294
1955;9;38608;-0.313043297155789
1955;10;38638.5;-0.784401753790557
1955;11;38669;-0.142653014112047
1955;12;38699.5;0.909879836771428
1956;1;38730.5;0.832598244581352
1956;2;38760.5;-2.1656817085532
1956;3;38790.5;-0.945974343664096
1956;4;38821;-0.537045249705103
1956;5;38851.5;-0.243503837664189
1956;6;38882;-1.18031783093551
1956;7;38912.5;-0.775378279833002
1956;8;38943.5;0.220216390724223
1956;9;38974;0.761981254244418
1956;10;39004.5;-0.648752417159118
1956;11;39035;-1.06795595283732
1956;12;39065.5;-0.443670694373396
1957;1;39096.5;-0.533770869065302
1957;2;39126;0.708219742916865
1957;3;39155.5;0.514743111264227
1957;4;39186;0.0966432262193389
1957;5;39216.5;-0.893878925205376
1957;6;39247;0.388391434431011
1957;7;39277.5;-0.47183970125297
1957;8;39308.5;-0.404281326333318
1957;9;39339;-0.636707435748815
1957;10;39369.5;0.00400146102535659
1957;11;39400;0.141989151957483
1957;12;39430.5;-0.246644174919892
1958;1;39461.5;-0.183779732343676
1958;2;39491;0.619238558558059
1958;3;39520.5;-0.748357164583069
1958;4;39551;-1.14700829556915
1958;5;39581.5;0.604888258985724
1958;6;39612;0.0236805133989646
1958;7;39642.5;-0.607425267607693
1958;8;39673.5;0.542353413552041
1958;9;39704;0.555315214595251
1958;10;39734.5;0.394329392579526
1958;11;39765;0.325259724726733
1958;12;39795.5;0.970276089146146
1959;1;39826.5;0.00149232602967974
1959;2;39856;-0.0890541484843733
1959;3;39885.5;1.15224745327373
1959;4;39916;0.237843586560085
1959;5;39946.5;-0.00383135930706033
1959;6;39977;-0.0866385600185883
1959;7;40007.5;0.141962514828243
1959;8;40038.5;-0.0800483280252525
1959;9;40069;-0.130987194050879
1959;10;40099.5;-0.901308665542683
1959;11;40130;-0.68305523100979
1959;12;40160.5;0.365588172981634
1960;1;40191.5;-0.138920156033003
1960;2;40221.5;0.305276443295078
1960;3;40251.5;0.253664874359207
1960;4;40282;0.0282898114966412
1960;5;40312.5;0.0718927380454781
1960;6;40343;1.03422504478937
1960;7;40373.5;-0.502459337547451
1960;8;40404.5;-0.0100271888440275
1960;9;40435;-0.69198267145665
1960;10;40465.5;0.0283276430420154
1960;11;40496;0.580073755624441
1960;12;40526.5;0.329513677641675
1961;1;40557.5;-0.0774540678501198
1961;2;40587;0.402054042719998
1961;3;40616.5;0.520704092410803
1961;4;40647;1.51913355869519
1961;5;40677.5;0.275700442862908
1961;6;40708;0.344927539975705
1961;7;40738.5;0.0965368023810223
1961;8;40769.5;-0.374424860117852
1961;9;40800;0.964121614475048
1961;10;40830.5;0.621849057518925
1961;11;40861;0.485237784635278
1961;12;40891.5;0.403886472268112
1962;1;40922.5;0.906648127149289
1962;2;40952;-0.403528716551884
1962;3;40981.5;-0.626173329665584
1962;4;41012;0.0214533495223451
1962;5;41042.5;-0.00228934043291062
1962;6;41073;-0.617948022219648
1962;7;41103.5;-0.141488205240717
1962;8;41134.5;0.940612506688581
1962;9;41165;0.952294860143551
1962;10;41195.5;0.641686603844166
1962;11;41226;-0.2019356728658
1962;12;41256.5;-0.807569765722165
1963;1;41287.5;-0.907248194968713
1963;2;41317;-1.11248909375014
1963;3;41346.5;-0.597594897127089
1963;4;41377;0.165970968939848
1963;5;41407.5;-0.314380974646903
1963;6;41438;0.209033759962472
1963;7;41468.5;1.04907809868846
1963;8;41499.5;0.52597824976755
1963;9;41530;0.189412979544297
1963;10;41560.5;-0.352973570154354
1963;11;41591;1.34551320751467
1963;12;41621.5;0.576292943643941
1964;1;41652.5;-0.184689559236468
1964;2;41682.5;0.147265806879472
1964;3;41712.5;0.399049993631286
1964;4;41743;0.250197712788792
1964;5;41773.5;0.727989348638767
1964;6;41804;1.14548883148644
1964;7;41834.5;0.272762070664368
1964;8;41865.5;-0.195781102140967
1964;9;41896;-0.105366286666429
1964;10;41926.5;-0.615197682633682
1964;11;41957;0.0420641647390373
1964;12;41987.5;0.0953324433626586
1965;1;42018.5;0.115176595949697
1965;2;42048;-1.45642270406106
1965;3;42077.5;-0.274389431766015
1965;4;42108;-0.745133388846815
1965;5;42138.5;-0.540335427151154
1965;6;42169;-0.198748443725027
1965;7;42199.5;0.42458120126208
1965;8;42230.5;-0.583543752870797
1965;9;42261;-0.754016793453169
1965;10;42291.5;0.290558480359448
1965;11;42322;0.647523037559568
1965;12;42352.5;0.481430457896256
1966;1;42383.5;-0.318037973144386
1966;2;42413;1.20619391514582
1966;3;42442.5;-0.318812767252276
1966;4;42473;0.587490950378245
1966;5;42503.5;0.188271692748562
1966;6;42534;0.592139023987762
1966;7;42564.5;-0.597176815065824
1966;8;42595.5;-0.345191802352358
1966;9;42626;0.289821440196828
1966;10;42656.5;1.2710872505267
1966;11;42687;-0.628331489710528
1966;12;42717.5;-0.520675153194207
1967;1;42748.5;-0.568342505132343
1967;2;42778;-0.0466524480458048
1967;3;42807.5;0.361723166183944
1967;4;42838;-0.271018607546206
1967;5;42868.5;-0.0300914313322937
1967;6;42899;-1.08117873084225
1967;7;42929.5;0.361809837565158
1967;8;42960.5;0.776684904277919
1967;9;42991;-0.0492539313298326
1967;10;43021.5;1.08094646323698
1967;11;43052;1.31485850619091
1967;12;43082.5;0.1061750444476
1968;1;43113.5;-0.708035820477882
1968;2;43143.5;0.317154631248461
1968;3;43173.5;0.0786216350833371
1968;4;43204;1.01709265382789
1968;5;43234.5;0.851205497309048
1968;6;43265;-0.0156791091634021
1968;7;43295.5;0.154001531538198
1968;8;43326.5;-1.16304009214494
1968;9;43357;-0.549225156213528
1968;10;43387.5;0.106852571872816
1968;11;43418;0.418248998755259
1968;12;43448.5;0.0261606362274969
1969;1;43479.5;-0.0630714372321671
1969;2;43509;-0.292910545792899
1969;3;43538.5;0.0259378170525973
1969;4;43569;-0.144517243020604
1969;5;43599.5;0.797429146434452
1969;6;43630;-0.823820638345037
1969;7;43660.5;-1.03129365442955
1969;8;43691.5;-0.388812491344031
1969;9;43722;-0.350355447371172
1969;10;43752.5;0.105942306640961
1969;11;43783;0.936753827995565
1969;12;43813.5;-0.915364197289504
1970;1;43844.5;0.399077385537776
1970;2;43874;-0.0704333809994602
1970;3;43903.5;-0.431874911957933
1970;4;43934;-0.371626556157845
1970;5;43964.5;-1.03084759064535
1970;6;43995;0.259975566978271
1970;7;44025.5;-0.731147409261283
1970;8;44056.5;0.0678443424517564
1970;9;44087;0.433875644511794
1970;10;44117.5;-0.596379680622674
1970;11;44148;0.280420681480183
1970;12;44178.5;0.2607920024036
1971;1;44209.5;0.304738914242742
1971;2;44239;0.0201099108090597
1971;3;44268.5;-1.03842587565322
1971;4;44299;0.281180617922427
1971;5;44329.5;0.536708338274266
1971;6;44360;-0.336999587982158
1971;7;44390.5;-0.0579894041518785
1971;8;44421.5;1.30507170624902
1971;9;44452;-0.655341683027317
1971;10;44482.5;-0.857204165947377
1971;11;44513;-0.858835425292044
1971;12;44543.5;-0.338971821431506
1972;1;44574.5;0.115679736446048
1972;2;44604.5;0.544038950803487
1972;3;44634.5;0.748352571754115
1972;4;44665;0.254349660465886
1972;5;44695.5;-0.529048999292211
1972;6;44726;0.0220888969004345
1972;7;44756.5;-0.715391637719992
1972;8;44787.5;-1.15344099229776
1972;9;44818;-1.85706718278584
1972;10;44848.5;-1.86496417107812
1972;11;44879;-0.19992492125702
1972;12;44909.5;0.041346690929568
1973;1;44940.5;0.24300025499145
1973;2;44970;-0.349098495242002
1973;3;44999.5;-0.742928150556405
1973;4;45030;-1.08694829317319
1973;5;45060.5;0.314730248946388
1973;6;45091;0.403187453440781
1973;7;45121.5;0.383982829753753
1973;8;45152.5;0.399922063251353
1973;9;45183;0.636613882238408
1973;10;45213.5;-0.246953791549386
1973;11;45244;-0.713545520576659
1973;12;45274.5;-0.450063037099679
1974;1;45305.5;0.509027318286823
1974;2;45335;0.480568185391422
1974;3;45364.5;0.473741036796144
1974;4;45395;-0.31779764801594
1974;5;45425.5;-0.550159041460191
1974;6;45456;-0.371277353763706
1974;7;45486.5;-0.551321310700847
1974;8;45517.5;-0.0899958028559209
1974;9;45548;-0.0570685422093548
1974;10;45578.5;-2.38380994669693
1974;11;45609;-1.3816474111713
1974;12;45639.5;-0.305073936363761
1975;1;45670.5;0.253722124840821
1975;2;45700;-0.149215741415259
1975;3;45729.5;0.0373001360688502
1975;4;45760;-0.0320590486580554
1975;5;45790.5;0.0298851866837542
1975;6;45821;-0.905193406772749
1975;7;45851.5;-0.391188768529185
1975;8;45882.5;-0.325591656459137
1975;9;45913;0.552063467671471
1975;10;45943.5;-0.368267262580244
1975;11;45974;-0.554276896308148
1975;12;46004.5;0.162097572349174
1976;1;46035.5;0.0448983625167244
1976;2;46065.5;-0.0880995873757066
1976;3;46095.5;-0.596415255952281
1976;4;46126;-0.334861301881519
1976;5;46156.5;-0.0983602368382338
1976;6;46187;0.000255014624069596
1976;7;46217.5;0.309430466246579
1976;8;46248.5;-1.33846704032616
1976;9;46279;-1.44331909590325
1976;10;46309.5;-0.312136163293463
1976;11;46340;-0.823865852962489
1976;12;46370.5;-0.170220997184449
1977;1;46401.5;0.559659688433793
1977;2;46431;1.00330341379116
1977;3;46460.5;1.130144119416
1977;4;46491;0.13099370492569
1977;5;46521.5;0.174839347859982
1977;6;46552;-0.3020649336344
1977;7;46582.5;-0.214973469901833
1977;8;46613.5;-0.857798567011109
1977;9;46644;-1.0132387557091
1977;10;46674.5;-0.110935173152565
1977;11;46705;0.406718482231751
1977;12;46735.5;-0.0494128870002984
1978;1;46766.5;0.0328091152015085
1978;2;46796;0.147052708907206
1978;3;46825.5;0.196471828326484
1978;4;46856;-0.663528225965145
1978;5;46886.5;-0.920328282028466
1978;6;46917;-0.275346741055937
1978;7;46947.5;-1.24740604608345
1978;8;46978.5;-0.683744113809957
1978;9;47009;-0.91687496675865
1978;10;47039.5;-0.970033667339843
1978;11;47070;-0.935588933571378
1978;12;47100.5;0.463802299937255
1979;1;47131.5;-0.123286515202556
1979;2;47161;0.532564377135971
1979;3;47190.5;0.715468977986794
1979;4;47221;-0.523639337148595
1979;5;47251.5;0.0376518094729547
1979;6;47282;1.30169871547535
1979;7;47312.5;-0.0904128038542637
1979;8;47343.5;-0.4478280723711
1979;9;47374;-0.651849122396818
1979;10;47404.5;0.012136614662796
1979;11;47435;-0.806194591493813
1979;12;47465.5;0.35112091946147
1980;1;47496.5;-0.382997117933953
1980;2;47526.5;0.2030135722799
1980;3;47556.5;-0.0806863188038823
1980;4;47587;-1.08747395679749
1980;5;47617.5;-1.6565980582217
1980;6;47648;-1.14958558031026
1980;7;47678.5;-1.58108013316927
1980;8;47709.5;-0.149452873678824
1980;9;47740;0.205609139403732
1980;10;47770.5;-0.213151828061926
1980;11;47801;-0.147242233267704
1980;12;47831.5;-1.09150126125168
1981;1;47862.5;-1.34260202442534
1981;2;47892;-0.900343049357076
1981;3;47921.5;0.566246012972232
1981;4;47952;0.594247852112083
1981;5;47982.5;-0.0893171208551963
1981;6;48013;0.604719724898412
1981;7;48043.5;-0.945476084857781
1981;8;48074.5;-0.375323170441973
1981;9;48105;0.144541614846672
1981;10;48135.5;0.561211368140219
1981;11;48166;-0.864898623852522
1981;12;48196.5;0.0482080421018697
1982;1;48227.5;0.443144187902627
1982;2;48257;-0.345901790298995
1982;3;48286.5;-0.336892334079014
1982;4;48317;-0.195361799055269
1982;5;48347.5;0.109752924043251
1982;6;48378;1.4327632746688
1982;7;48408.5;1.3752614099701
1982;8;48439.5;0.366912032181348
1982;9;48470;1.04685614289901
1982;10;48500.5;0.304710883898856
1982;11;48531;0.310495043136709
1982;12;48561.5;0.394693550022999
1983;1;48592.5;0.430429973139317
1983;2;48622;-0.675495384072653
1983;3;48651.5;0.207886807133667
1983;4;48682;0.431906086834957
1983;5;48712.5;0.604788607681505
1983;6;48743;0.039624168846389
1983;7;48773.5;1.08734732737072
1983;8;48804.5;0.307489023641226
1983;9;48835;0.166742200137418
1983;10;48865.5;-0.127927707744339
1983;11;48896;-0.125765022793626
1983;12;48926.5;-0.204032173467196
1984;1;48957.5;0.0375705489675096
1984;2;48987.5;-0.472345892769565
1984;3;49017.5;-0.609199591552818
1984;4;49048;-0.491895947793381
1984;5;49078.5;-0.961336425554566
1984;6;49109;-1.04272932529109
1984;7;49139.5;-0.338514920006752
1984;8;49170.5;-0.749034559947856
1984;9;49201;-0.801936469262376
1984;10;49231.5;-0.34875498988658
1984;11;49262;0.731247075002499
1984;12;49292.5;0.507168785732851
1985;1;49323.5;-0.934562861023166
1985;2;49353;-0.154817411608234
1985;3;49382.5;-0.286692369475367
1985;4;49413;0.293948938261737
1985;5;49443.5;0.038485505620351
1985;6;49474;0.262130901330637
1985;7;49504.5;0.659618202437327
1985;8;49535.5;0.227590560103922
1985;9;49566;0.420670367778603
1985;10;49596.5;0.410732461465506
1985;11;49627;0.171248064830168
1985;12;49657.5;0.874560342771075
1986;1;49688.5;0.221447595192064
1986;2;49718;-0.711398585885674
1986;3;49747.5;0.0599384100479782
1986;4;49778;0.167317867254309
1986;5;49808.5;1.58031986580441
1986;6;49839;0.043105170561667
1986;7;49869.5;-0.121072409261713
1986;8;49900.5;1.02452651323289
1986;9;49931;0.394114999466892
1986;10;49961.5;0.722026882690642
1986;11;49992;0.159654105794491
1986;12;50022.5;-0.0404487475706695
1987;1;50053.5;-0.494545323469811
1987;2;50083;-0.1066785187051
1987;3;50112.5;-1.41822240496355
1987;4;50143;0.0502483182342756
1987;5;50173.5;-0.991312814254865
1987;6;50204;-0.318988450843682
1987;7;50234.5;1.02271372284728
1987;8;50265.5;0.681535088947491
1987;9;50296;2.16568159230232
1987;10;50326.5;1.37712456544451
1987;11;50357;0.611505157171454
1987;12;50387.5;0.855270453766519
1988;1;50418.5;1.41565602837151
1988;2;50448.5;0.460218286301606
1988;3;50478.5;0.0791849371414648
1988;4;50509;0.438485666794644
1988;5;50539.5;0.883717328536278
1988;6;50570;0.264052926014738
1988;7;50600.5;1.40654241364607
1988;8;50631.5;1.20643416684893
1988;9;50662;-0.0878422270001371
1988;10;50692.5;0.932663856892929
1988;11;50723;-0.558412152977373
1988;12;50753.5;-0.363625333167474
1989;1;50784.5;0.0121618533633283
1989;2;50814;0.548572530178747
1989;3;50843.5;1.18520734529015
1989;4;50874;0.575742515622614
1989;5;50904.5;0.00792050117156593
1989;6;50935;-0.35555694372305
1989;7;50965.5;0.442194889383807
1989;8;50996.5;0.58600585303535
1989;9;51027;-0.0438236447438003
1989;10;51057.5;-0.72590813381543
1989;11;51088;-0.0925665749940338
1989;12;51118.5;0.970486816936276
1990;1;51149.5;0.665864376813265
1990;2;51179;1.77969748852778
1990;3;51208.5;1.49371259914449
1990;4;51239;0.3175498109914
1990;5;51269.5;1.05468502895074
1990;6;51300;0.553808586241255
1990;7;51330.5;0.280194485011543
1990;8;51361.5;0.421456489751659
1990;9;51392;0.298263615837918
1990;10;51422.5;1.33847528929722
1990;11;51453;0.638237265434783
1990;12;51483.5;-0.594840293652343
1991;1;51514.5;0.191724342758572
1991;2;51544;-0.480222343623499
1991;3;51573.5;1.28068332283894
1991;4;51604;-0.374965610988558
1991;5;51634.5;-1.62439975824332
1991;6;51665;-0.567202090704213
1991;7;51695.5;0.08222030996299
1991;8;51726.5;0.65343155768421
1991;9;51757;1.21337475688437
1991;10;51787.5;0.0681159372905097
1991;11;51818;-0.195052910131283
1991;12;51848.5;-0.996613969052767
1992;1;51879.5;-0.147345753271492
1992;2;51909.5;-0.0895678510715555
1992;3;51939.5;0.0971727785479445
1992;4;51970;0.00850039160525411
1992;5;52000.5;0.473793848159748
1992;6;52031;-0.376641213878915
1992;7;52061.5;-0.415307760635141
1992;8;52092.5;1.74577108886402
1992;9;52123;0.63811994666466
1992;10;52153.5;0.398534579222378
1992;11;52184;0.864989584424624
1992;12;52214.5;0.420502213879871
1993;1;52245.5;0.185356132456562
1993;2;52275;-0.453721409286343
1993;3;52304.5;-0.493875568922415
1993;4;52335;0.130289881431655
1993;5;52365.5;1.18104724840443
1993;6;52396;1.29789718234813
1993;7;52426.5;-0.211546593326031
1993;8;52457.5;0.953380621854679
1993;9;52488;0.172564172719603
1993;10;52518.5;0.373448976388941
1993;11;52549;-0.261248457754123
1993;12;52579.5;0.60094167136605
1994;1;52610.5;0.605564118806626
1994;2;52640;0.108617551673247
1994;3;52669.5;1.30904024935839
1994;4;52700;-0.0248024042784571
1994;5;52730.5;0.901121410526825
1994;6;52761;0.465876787532034
1994;7;52791.5;1.50207754795231
1994;8;52822.5;2.40992675791097
1994;9;52853;1.1578683121848
1994;10;52883.5;0.432172116352764
1994;11;52914;1.20842615293821
1994;12;52944.5;0.977076867496529
1995;1;52975.5;0.0348039599230535
1995;2;53005;1.10596755823832
1995;3;53034.5;0.0206554765116096
1995;4;53065;-0.24022808916787
1995;5;53095.5;-0.0334108698727759
1995;6;53126;-0.0666715220886333
1995;7;53156.5;1.06789341455816
1995;8;53187.5;0.698304356810557
1995;9;53218;-0.820723962854695
1995;10;53248.5;0.392995841044647
1995;11;53279;-0.268070783749675
1995;12;53309.5;0.789625305799189
1996;1;53340.5;1.10280337456332
1996;2;53370.5;-0.14895378234001
1996;3;53400.5;-0.240381495899015
1996;4;53431;0.296853942849479
1996;5;53461.5;0.714723380042075
1996;6;53492;0.7202618838105
1996;7;53522.5;-0.29657498241701
1996;8;53553.5;0.46741750438869
1996;9;53584;-1.56531706287986
1996;10;53614.5;-1.17561691237734
1996;11;53645;0.191300499852759
1996;12;53675.5;0.158845092207807
1997;1;53706.5;0.857235527490952
1997;2;53736;1.01497623221759
1997;3;53765.5;0.920824191126284
1997;4;53796;-0.449107420395183
1997;5;53826.5;0.966896212975516
1997;6;53857;1.42525998071331
1997;7;53887.5;-0.0253302613910347
1997;8;53918.5;0.421661845655195
1997;9;53949;0.79823691051179
1997;10;53979.5;0.354953233407776
1997;11;54010;0.323599058002713
1997;12;54040.5;0.56084437736413
1998;1;54071.5;0.942693677325824
1998;2;54101;1.09104964870536
1998;3;54130.5;0.179323913398817
1998;4;54161;0.623659451870081
1998;5;54191.5;0.495471492966548
1998;6;54222;1.36495330486583
1998;7;54252.5;0.984843083683052
1998;8;54283.5;1.22650309514815
1998;9;54314;-0.27452851154296
1998;10;54344.5;-0.20486975964783
1998;11;54375;-0.611048307726751
1998;12;54405.5;-0.780941830910783
1999;1;54436.5;0.378581800370288
1999;2;54466;-0.564860956821516
1999;3;54495.5;0.402604271600632
1999;4;54526;0.325312378184551
1999;5;54556.5;1.43269300569073
1999;6;54587;1.46993519508122
1999;7;54617.5;0.54903524557323
1999;8;54648.5;1.41863155773247
1999;9;54679;1.44033282973117
1999;10;54709.5;1.19218974499155
1999;11;54740;0.348613236840831
1999;12;54770.5;0.33276124530281
2000;1;54801.5;-0.380263593724531
2000;2;54831.5;0.383009716436764
2000;3;54861.5;0.494626074398482
2000;4;54892;0.947183218782228
2000;5;54922.5;2.18167730693824
2000;6;54953;1.92596866041771
2000;7;54983.5;0.497501884942783
2000;8;55014.5;0.931577327610996
2000;9;55045;0.427437835571532
2000;10;55075.5;0.405375940864852
2000;11;55106;1.24517366452493
2000;12;55136.5;1.66560902202739
2001;1;55167.5;1.39510610083302
2001;2;55197;0.811137111618984
2001;3;55226.5;2.03933336052127
2001;4;55257;0.525722660090728
2001;5;55287.5;1.25501173454891
2001;6;55318;0.796192418505855
2001;7;55348.5;0.654413523247457
2001;8;55379.5;1.39214114626484
2001;9;55410;-0.326899981491246
2001;10;55440.5;1.97538306919581
2001;11;55471;0.556724011201362
2001;12;55501.5;-0.658224677436147
2002;1;55532.5;-0.223461526394305
2002;2;55562;1.03671359175851
2002;3;55591.5;1.57026645525597
2002;4;55622;0.745208068668037
2002;5;55652.5;0.948797071228947
2002;6;55683;1.74055124178221
2002;7;55713.5;0.737572134673931
2002;8;55744.5;0.103482866238685
2002;9;55775;-0.173589446413672
2002;10;55805.5;0.294908621503037
2002;11;55836;1.19508446963757
2002;12;55866.5;0.8687092642392
2003;1;55897.5;0.660039039029753
2003;2;55927;-0.965207300364238
2003;3;55956.5;0.299150184244741
2003;4;55987;0.361806201588331
2003;5;56017.5;2.03648499165954
2003;6;56048;3.52612177609686
2003;7;56078.5;2.79689025713136
2003;8;56109.5;3.1778875223266
2003;9;56140;0.62499183184834
2003;10;56170.5;0.312741136808445
2003;11;56201;0.904274191721067
2003;12;56231.5;0.540802299800759
2004;1;56262.5;0.151332970415246
2004;2;56292.5;0.194598915825478
2004;3;56322.5;0.179652944972135
2004;4;56353;0.351790195882531
2004;5;56383.5;-0.389942909796352
2004;6;56414;0.651637914170859
2004;7;56444.5;0.809053823297281
2004;8;56475.5;0.919580712953023
2004;9;56506;0.692768069252479
2004;10;56536.5;1.60226037702974
2004;11;56567;0.956532335191182
2004;12;56597.5;1.2447115131919
2005;1;56628.5;-0.103109371713465
2005;2;56658;-0.989611344610616
2005;3;56687.5;-0.165469612759156
2005;4;56718;0.133268681423399
2005;5;56748.5;1.31515045991803
2005;6;56779;1.42129098390012
2005;7;56809.5;1.23241696620787
2005;8;56840.5;-0.0281945990926749
2005;9;56871;0.465839515061609
2005;10;56901.5;0.632741154911151
2005;11;56932;0.856480505532091
2005;12;56962.5;-0.0697492473693642
2006;1;56993.5;-0.336542645655309
2006;2;57023;-0.214959247424063
2006;3;57052.5;0.0647068028259137
2006;4;57083;1.18135953190805
2006;5;57113.5;1.45424345093828
2006;6;57144;1.15910527424445
2006;7;57174.5;2.37588724691227
2006;8;57205.5;0.329808929134061
2006;9;57236;0.55942821393759
2006;10;57266.5;1.31934971332716
2006;11;57297;0.985941200841704
2006;12;57327.5;1.35215157312939
2007;1;57358.5;1.78914066996106
2007;2;57388;1.50341650971759
2007;3;57417.5;1.1496180002168
2007;4;57448;1.77455443726984
2007;5;57478.5;1.91213560503985
2007;6;57509;1.49511632396919
2007;7;57539.5;1.06240260134346
2007;8;57570.5;0.727412836573832
2007;9;57601;-0.184641177952823
2007;10;57631.5;-0.015950945275445
2007;11;57662;-0.47230946791763
2007;12;57692.5;-0.22071884289722
2008;1;57723.5;0.79850891253858
2008;2;57753.5;0.587867843413181
2008;3;57783.5;0.695388078251348
2008;4;57814;0.77837594549704
2008;5;57844.5;1.17344854933089
2008;6;57875;1.24776102515216
2008;7;57905.5;1.37426714881909
2008;8;57936.5;1.21815554824424
2008;9;57967;0.423291479477232
2008;10;57997.5;0.357949623417273
2008;11;58028;0.591197359660549
2008;12;58058.5;0.318467833581803
2009;1;58089.5;0.355243885355967
2009;2;58119;-0.218166616449336
2009;3;58148.5;0.12813267486801
2009;4;58179;0.64060537733831
2009;5;58209.5;1.83851028329949
2009;6;58240;1.3858854875513
2009;7;58270.5;1.44834084410165
2009;8;58301.5;1.85255217177107
2009;9;58332;1.08258095082625
2009;10;58362.5;0.102427356509782
2009;11;58393;0.476723421329087
2009;12;58423.5;0.65604148786161
2010;1;58454.5;0.145488954433027
2010;2;58484;0.277203582034083
2010;3;58513.5;0.392707553295991
2010;4;58544;1.03904710636991
2010;5;58574.5;0.772579883918108
2010;6;58605;0.658513105004804
2010;7;58635.5;1.55219859412618
2010;8;58666.5;0.56347358124537
2010;9;58697;-0.108760464197704
2010;10;58727.5;-0.173919604904421
2010;11;58758;0.582950302525783
2010;12;58788.5;0.222629337457103
2011;1;58819.5;0.453466794381953
2011;2;58849;0.293473069013401
2011;3;58878.5;0.447681718870341
2011;4;58909;1.49882952341732
2011;5;58939.5;1.11846969063742
2011;6;58970;1.34217342396267
2011;7;59000.5;0.931843312256818
2011;8;59031.5;1.32109208969273
2011;9;59062;2.07810557862735
2011;10;59092.5;0.557574779337748
2011;11;59123;1.09703009865546
2011;12;59153.5;1.38847024319361
2012;1;59184.5;0.533787495278384
2012;2;59214.5;-1.01594239094558
2012;3;59244.5;1.20327167455043
2012;4;59275;0.922667332184668
2012;5;59305.5;0.920368195237141
2012;6;59336;2.43474480462367
2012;7;59366.5;2.39414524513032
2012;8;59397.5;2.55535517785227
2012;9;59428;1.09913599517462
2012;10;59458.5;1.71236753809741
2012;11;59489;1.79692022558956
2012;12;59519.5;0.396908151192086
2013;1;59550.5;0.579536782769935
2013;2;59580;-0.179149863082918
2013;3;59609.5;0.35270888893081
2013;4;59640;1.22899388820357
2013;5;59670.5;0.82848749993927
2013;6;59701;0.287647485423102
2013;7;59731.5;1.25688621935956
2013;8;59762.5;1.55110590711122
2013;9;59793;0.875117675620114
2013;10;59823.5;1.79727768383681
2013;11;59854;1.10184634117943
2013;12;59884.5;0.769663748574434
2014;1;59915.5;1.61595248184462
2014;2;59945;1.53210263740751
2014;3;59974.5;0.880497013015552
2014;4;60005;1.19616467235419
2014;5;60035.5;0.557615351566105
2014;6;60066;1.26719968775088
2014;7;60096.5;0.317934671663787
2014;8;60127.5;0.72222085768962
2014;9;60158;1.19601037557872
2014;10;60188.5;2.01819405950932
2014;11;60219;2.2633904244377
2014;12;60249.5;1.59917139326766
2015;1;60280.5;1.05455275226177
2015;2;60310;0.109622100570081
2015;3;60339.5;0.594871668134403
2015;4;60370;1.0249704221928
2015;5;60400.5;1.84338273465904
2015;6;60431;1.88222103709334
2015;7;60461.5;2.94082126169297
2015;8;60492.5;2.14109206855771
2015;9;60523;1.5074331287592
2015;10;60553.5;0.910871061464406
2015;11;60584;1.45728683794429
2015;12;60614.5;1.47460131195222
2016;1;60645.5;1.64760094683595
2016;2;60675.5;1.95008168641286
2016;3;60705.5;0.947136210495923
2016;4;60736;1.93302658943339
2016;5;60766.5;0.675733301826418
2016;6;60797;1.2889331217373
2016;7;60827.5;1.34071037906908
2016;8;60858.5;0.715616774566711
2016;9;60889;1.12710036133307
2016;10;60919.5;1.18340733464636
2016;11;60950;1.25675803327629
2016;12;60980.5;1.35902684485615
2017;1;61011.5;-0.221643575958474
2017;2;61041;1.12013713298477
2017;3;61070.5;1.69184736333426
2017;4;61101;1.42457511095849
2017;5;61131.5;1.6680650314024
2017;6;61162;3.04175133997036
2017;7;61192.5;2.00099454632686
2017;8;61223.5;2.17775881502047
2017;9;61254;0.173669007421408
2017;10;61284.5;0.550347435956243
2017;11;61315;0.187054285294891
2017;12;61345.5;-0.0360746120712157
2018;1;61376.5;1.22955051319367
2018;2;61406;0.00332356684480049
2018;3;61435.5;0.552694666317324
2018;4;61466;2.09224145911987
2018;5;61496.5;1.83581050748691
2018;6;61527;2.00241328758283
2018;7;61557.5;1.94107914877292
2018;8;61588.5;2.13816759696753
2018;9;61619;2.02912256527496
2018;10;61649.5;1.34283181285116
2018;11;61680;1.41067189331293
2018;12;61710.5;0.764883204898024
2019;1;61741.5;-0.0888192420463141
2019;2;61771;0.687666070700233
2019;3;61800.5;1.35155806540684
2019;4;61831;0.948621802863756
2019;5;61861.5;-0.588434097399999
2019;6;61892;2.0773054569365
2019;7;61922.5;2.32222849281062
2019;8;61953.5;2.17837744321642
2019;9;61984;1.61037004882289
2019;10;62014.5;1.74924424548768
2019;11;62045;1.36347724726739
2019;12;62075.5;1.60590983759435
2020;1;62106.5;1.12514061557505
2020;2;62136.5;1.63757458524103
2020;3;62166.5;1.01602354640116
2020;4;62197;1.37353274360097
2020;5;62227.5;1.70515421340931
2020;6;62258;1.11578965424559
2020;7;62288.5;1.46085882762914
2020;8;62319.5;2.20384823895954
2020;9;62350;1.7026683546258
2020;10;62380.5;0.283612743145058
2020;11;62411;1.28389451789948
2020;12;62441.5;1.21153698732684
2021;1;62472.5;0.984464348800821
2021;2;62502;1.57898786399924
2021;3;62531.5;0.782303817765445
2021;4;62562;0.633120546182956
2021;5;62592.5;1.2343828132369
2021;6;62623;2.77338245426075
2021;7;62653.5;2.04763832259695
2021;8;62684.5;2.02869207105019
2021;9;62715;1.78890353117858
2021;10;62745.5;0.561049793186918
2021;11;62776;1.19808998530733
2021;12;62806.5;0.427257590935683
